Bookmark,Frame#,Hex,ASCII,Frame Size,Delta,Timestamp,
="",15,,,117,="",="2/3/2026 4:52:05.786142920 PM",
="",19,,,117,="",="2/3/2026 4:52:05.799273535 PM",
="",32,,,425,="",="2/3/2026 4:52:05.827097020 PM",
="",33,,,425,="",="2/3/2026 4:52:05.827599975 PM",
="",34,,,425,="",="2/3/2026 4:52:05.828118875 PM",
="",40,,,229,="",="2/3/2026 4:52:05.835219075 PM",
="",42,,,117,="",="2/3/2026 4:52:05.839540095 PM",
="",44,,,117,="",="2/3/2026 4:52:05.840320820 PM",
="",51,,,117,="",="2/3/2026 4:52:05.850806580 PM",
="",52,,,117,="",="2/3/2026 4:52:05.850872410 PM",
="",54,,,397,="",="2/3/2026 4:52:05.855639445 PM",
="",58,,,117,="",="2/3/2026 4:52:05.865730430 PM",
="",59,,,117,="",="2/3/2026 4:52:05.865771595 PM",
="",60,,,117,="",="2/3/2026 4:52:05.865812760 PM",
="",61,,,2359,="",="2/3/2026 4:52:05.863137915 PM",
="",77,,,99,="",="2/3/2026 4:52:05.898579995 PM",
="",78,,,2750,="",="2/3/2026 4:52:05.898239450 PM",
="",88,,,229,="",="2/3/2026 4:52:05.921397475 PM",
="",89,,,117,="",="2/3/2026 4:52:05.923141975 PM",
="",91,,,421,="",="2/3/2026 4:52:05.935805010 PM",
="",93,,,451,="",="2/3/2026 4:52:05.946539955 PM",
="",96,,,117,="",="2/3/2026 4:52:05.956159655 PM",
="",99,,,397,="",="2/3/2026 4:52:05.954231995 PM",
="",109,,,229,="",="2/3/2026 4:52:05.971435695 PM",
="",112,,,117,="",="2/3/2026 4:52:05.975470525 PM",
="",115,,,117,="",="2/3/2026 4:52:05.996547235 PM",
="",124,,,365,="",="2/3/2026 4:52:06.020082255 PM",
="",132,,,117,="",="2/3/2026 4:52:06.050939720 PM",
="",133,,,117,="",="2/3/2026 4:52:06.050980885 PM",
="",134,,,117,="",="2/3/2026 4:52:06.051022055 PM",
="",136,,,117,="",="2/3/2026 4:52:06.051120390 PM",
="",137,,,117,="",="2/3/2026 4:52:06.053413150 PM",
="",138,,,117,="",="2/3/2026 4:52:06.053454315 PM",
="",146,,,117,="",="2/3/2026 4:52:06.074644435 PM",
="",158,,,2184,="",="2/3/2026 4:52:06.097797075 PM",
="",164,,,117,="",="2/3/2026 4:52:06.108537955 PM",
="",170,,,309,="",="2/3/2026 4:52:06.113330605 PM",
="",180,,,117,="",="2/3/2026 4:52:06.154477275 PM",
="",183,,,388,="",="2/3/2026 4:52:06.163425675 PM",
="",185,,,117,="",="2/3/2026 4:52:06.172057055 PM",
="",190,,,117,="",="2/3/2026 4:52:06.180339545 PM",
="",191,,,117,="",="2/3/2026 4:52:06.180380710 PM",
="",194,,,117,="",="2/3/2026 4:52:06.181365910 PM",
="",201,,,117,="",="2/3/2026 4:52:06.197400045 PM",
="",207,,,190,="",="2/3/2026 4:52:06.209823985 PM",
="",220,,,567,="",="2/3/2026 4:52:06.251424450 PM",
="",226,,,229,="",="2/3/2026 4:52:06.272074945 PM",
="",238,,,382,="",="2/3/2026 4:52:06.292648130 PM",
="",239,,,117,="",="2/3/2026 4:52:06.302341065 PM",
="",243,,,443,="",="2/3/2026 4:52:06.315868235 PM",
="",251,,,470,="",="2/3/2026 4:52:06.353300835 PM",
="",262,,,333,="",="2/3/2026 4:52:06.378217980 PM",
="",283,,,117,="",="2/3/2026 4:52:06.446483175 PM",
="",289,,,117,="",="2/3/2026 4:52:06.461645500 PM",
="",292,,,424,="",="2/3/2026 4:52:06.465196465 PM",
="",293,,,397,="",="2/3/2026 4:52:06.465968610 PM",
="",307,,,340,="",="2/3/2026 4:52:06.491978165 PM",
="",316,,,117,="",="2/3/2026 4:52:06.509108660 PM",
="",321,,,117,="",="2/3/2026 4:52:06.512849145 PM",
="",325,,,117,="",="2/3/2026 4:52:06.518752105 PM",
="",334,,,117,="",="2/3/2026 4:52:06.543624585 PM",
="",341,,,505,="",="2/3/2026 4:52:06.555801560 PM",
="",344,,,117,="",="2/3/2026 4:52:06.563421765 PM",
="",347,,,427,="",="2/3/2026 4:52:06.566686640 PM",
="",361,,,117,="",="2/3/2026 4:52:06.591332955 PM",
="",367,,,382,="",="2/3/2026 4:52:06.599859915 PM",
="",371,,,117,="",="2/3/2026 4:52:06.608438265 PM",
="",373,,,117,="",="2/3/2026 4:52:06.610036990 PM",
="",394,,,185,="",="2/3/2026 4:52:06.658815435 PM",
="",397,,,427,="",="2/3/2026 4:52:06.669631360 PM",
="",398,,,424,="",="2/3/2026 4:52:06.670430565 PM",
="",399,,,397,="",="2/3/2026 4:52:06.671189910 PM",
="",405,,,99,="",="2/3/2026 4:52:06.676642690 PM",
="",407,,,217,="",="2/3/2026 4:52:06.682039155 PM",
="",410,,,217,="",="2/3/2026 4:52:06.683757385 PM",
="",434,,,421,="",="2/3/2026 4:52:06.746857730 PM",
="",435,,,421,="",="2/3/2026 4:52:06.747651590 PM",
="",436,,,418,="",="2/3/2026 4:52:06.748430255 PM",
="",438,,,421,="",="2/3/2026 4:52:06.752864975 PM",
="",439,,,418,="",="2/3/2026 4:52:06.753652880 PM",
="",445,,,424,="",="2/3/2026 4:52:06.772284400 PM",
="",453,,,382,="",="2/3/2026 4:52:06.778277575 PM",
="",479,,,323,="",="2/3/2026 4:52:06.843091990 PM",
="",483,,,99,="",="2/3/2026 4:52:06.850576315 PM",
="",491,,,424,="",="2/3/2026 4:52:06.874696330 PM",
="",492,,,397,="",="2/3/2026 4:52:06.875451195 PM",
="",496,,,99,="",="2/3/2026 4:52:06.878836225 PM",
="",508,,,99,="",="2/3/2026 4:52:06.902422305 PM",
="",513,,,117,="",="2/3/2026 4:52:06.911190975 PM",
="",521,,,342,="",="2/3/2026 4:52:06.937799725 PM",
="",529,,,567,="",="2/3/2026 4:52:06.957306400 PM",
="",534,,,424,="",="2/3/2026 4:52:06.977095400 PM",
="",535,,,397,="",="2/3/2026 4:52:06.977858400 PM",
="",564,,,444,="",="2/3/2026 4:52:07.066257405 PM",
="",570,,,424,="",="2/3/2026 4:52:07.079500865 PM",
="",605,,,264,="",="2/3/2026 4:52:07.179849360 PM",
="",606,,,424,="",="2/3/2026 4:52:07.181916745 PM",
="",617,,,364,="",="2/3/2026 4:52:07.196071745 PM",
="",628,,,117,="",="2/3/2026 4:52:07.219094505 PM",
="",631,,,99,="",="2/3/2026 4:52:07.232000950 PM",
="",640,,,99,="",="2/3/2026 4:52:07.260175325 PM",
="",641,,,99,="",="2/3/2026 4:52:07.260727640 PM",
="",642,,,99,="",="2/3/2026 4:52:07.261261315 PM",
="",643,,,99,="",="2/3/2026 4:52:07.261795590 PM",
="",644,,,99,="",="2/3/2026 4:52:07.262338320 PM",
="",653,,,117,="",="2/3/2026 4:52:07.276678365 PM",
="",656,,,117,="",="2/3/2026 4:52:07.280287980 PM",
="",658,,,427,="",="2/3/2026 4:52:07.283493400 PM",
="",675,,,229,="",="2/3/2026 4:52:07.316594215 PM",
="",701,,,382,="",="2/3/2026 4:52:07.410861315 PM",
="",722,,,573,="",="2/3/2026 4:52:07.471535360 PM",
="",732,,,397,="",="2/3/2026 4:52:07.489984880 PM",
="",744,,,99,="",="2/3/2026 4:52:07.502901545 PM",
="",772,,,424,="",="2/3/2026 4:52:07.591499210 PM",
="",773,,,397,="",="2/3/2026 4:52:07.592268595 PM",
="",793,,,117,="",="2/3/2026 4:52:07.624273910 PM",
="",807,,,433,="",="2/3/2026 4:52:07.678020090 PM",
="",811,,,264,="",="2/3/2026 4:52:07.691850865 PM",
="",812,,,427,="",="2/3/2026 4:52:07.693680175 PM",
="",813,,,424,="",="2/3/2026 4:52:07.694484260 PM",
="",814,,,397,="",="2/3/2026 4:52:07.695244045 PM",
="",815,,,222,="",="2/3/2026 4:52:07.696103165 PM",
="",829,,,105,="",="2/3/2026 4:52:07.731438350 PM",
="",830,,,99,="",="2/3/2026 4:52:07.733564930 PM",
="",840,,,340,="",="2/3/2026 4:52:07.760843095 PM",
="",876,,,99,="",="2/3/2026 4:52:07.836645305 PM",
="",884,,,229,="",="2/3/2026 4:52:07.862308415 PM",
="",898,,,424,="",="2/3/2026 4:52:07.898704235 PM",
="",899,,,397,="",="2/3/2026 4:52:07.899463020 PM",
="",907,,,364,="",="2/3/2026 4:52:07.912884370 PM",
="",909,,,117,="",="2/3/2026 4:52:07.917174140 PM",
="",947,,,333,="",="2/3/2026 4:52:08.023480805 PM",
="",975,,,424,="",="2/3/2026 4:52:08.103560425 PM",
="",979,,,459,="",="2/3/2026 4:52:08.106733005 PM",
="",997,,,117,="",="2/3/2026 4:52:08.157168695 PM",
="",1006,,,117,="",="2/3/2026 4:52:08.189408475 PM",
="",1010,,,117,="",="2/3/2026 4:52:08.194977795 PM",
="",1037,,,3229,="",="2/3/2026 4:52:08.246567585 PM",
="",1039,,,117,="",="2/3/2026 4:52:08.248006810 PM",
="",1051,,,444,="",="2/3/2026 4:52:08.296890355 PM",
="",1056,,,480,="",="2/3/2026 4:52:08.300314110 PM",
="",1061,,,117,="",="2/3/2026 4:52:08.304794005 PM",
="",1062,,,125,="",="2/3/2026 4:52:08.305166425 PM",
="",1064,,,424,="",="2/3/2026 4:52:08.308378185 PM",
="",1065,,,397,="",="2/3/2026 4:52:08.309265095 PM",
="",1117,,,340,="",="2/3/2026 4:52:08.432087015 PM",
="",1124,,,117,="",="2/3/2026 4:52:08.446449290 PM",
="",1126,,,99,="",="2/3/2026 4:52:08.447203680 PM",
="",1128,,,125,="",="2/3/2026 4:52:08.454352430 PM",
="",1131,,,117,="",="2/3/2026 4:52:08.459557650 PM",
="",1149,,,397,="",="2/3/2026 4:52:08.514088940 PM",
="",1185,,,397,="",="2/3/2026 4:52:08.616379815 PM",
="",1209,,,309,="",="2/3/2026 4:52:08.671276545 PM",
="",1216,,,125,="",="2/3/2026 4:52:08.699000505 PM",
="",1232,,,264,="",="2/3/2026 4:52:08.715849145 PM",
="",1233,,,424,="",="2/3/2026 4:52:08.717917730 PM",
="",1234,,,397,="",="2/3/2026 4:52:08.718688275 PM",
="",1246,,,225,="",="2/3/2026 4:52:08.742866920 PM",
="",1252,,,99,="",="2/3/2026 4:52:08.754780950 PM",
="",1253,,,125,="",="2/3/2026 4:52:08.756936780 PM",
="",1272,,,397,="",="2/3/2026 4:52:08.821088695 PM",
="",1287,,,340,="",="2/3/2026 4:52:08.841693255 PM",
="",1307,,,424,="",="2/3/2026 4:52:08.922746290 PM",
="",1308,,,397,="",="2/3/2026 4:52:08.923519955 PM",
="",1350,,,397,="",="2/3/2026 4:52:09.025907010 PM",
="",1389,,,117,="",="2/3/2026 4:52:09.122863230 PM",
="",1396,,,424,="",="2/3/2026 4:52:09.127647580 PM",
="",1397,,,397,="",="2/3/2026 4:52:09.128430100 PM",
="",1444,,,382,="",="2/3/2026 4:52:09.254070825 PM",
="",1452,,,117,="",="2/3/2026 4:52:09.278574785 PM",
="",1454,,,113,="",="2/3/2026 4:52:09.280223230 PM",
="",1476,,,424,="",="2/3/2026 4:52:09.332331770 PM",
="",1477,,,397,="",="2/3/2026 4:52:09.333116210 PM",
="",1495,,,105,="",="2/3/2026 4:52:09.371913935 PM",
="",1496,,,117,="",="2/3/2026 4:52:09.372022095 PM",
="",1499,,,117,="",="2/3/2026 4:52:09.375287380 PM",
="",1515,,,117,="",="2/3/2026 4:52:09.426055835 PM",
="",1517,,,264,="",="2/3/2026 4:52:09.432648725 PM",
="",1532,,,117,="",="2/3/2026 4:52:09.450955310 PM",
="",1549,,,117,="",="2/3/2026 4:52:09.483781515 PM",
="",1550,,,117,="",="2/3/2026 4:52:09.487360195 PM",
="",1563,,,117,="",="2/3/2026 4:52:09.528354725 PM",
="",1564,,,117,="",="2/3/2026 4:52:09.529467170 PM",
="",1576,,,99,="",="2/3/2026 4:52:09.547205000 PM",
="",1578,,,117,="",="2/3/2026 4:52:09.548695875 PM",
="",1581,,,99,="",="2/3/2026 4:52:09.554133990 PM",
="",1605,,,117,="",="2/3/2026 4:52:09.620443145 PM",
="",1610,,,397,="",="2/3/2026 4:52:09.641172405 PM",
="",1617,,,117,="",="2/3/2026 4:52:09.647595265 PM",
="",1645,,,117,="",="2/3/2026 4:52:09.724817355 PM",
="",1649,,,117,="",="2/3/2026 4:52:09.736453875 PM",
="",1651,,,117,="",="2/3/2026 4:52:09.737766835 PM",
="",1654,,,264,="",="2/3/2026 4:52:09.739848560 PM",
="",1655,,,117,="",="2/3/2026 4:52:09.743173255 PM",
="",1658,,,388,="",="2/3/2026 4:52:09.744698150 PM",
="",1670,,,105,="",="2/3/2026 4:52:09.763434655 PM",
="",1674,,,229,="",="2/3/2026 4:52:09.768055155 PM",
="",1681,,,229,="",="2/3/2026 4:52:09.779805995 PM",
="",1682,,,229,="",="2/3/2026 4:52:09.779766950 PM",
="",1684,,,229,="",="2/3/2026 4:52:09.781985255 PM",
="",1685,,,229,="",="2/3/2026 4:52:09.781233840 PM",
="",1686,,,229,="",="2/3/2026 4:52:09.781967800 PM",
="",1688,,,225,="",="2/3/2026 4:52:09.785975250 PM",
="",1689,,,229,="",="2/3/2026 4:52:09.784171705 PM",
="",1690,,,229,="",="2/3/2026 4:52:09.784520330 PM",
="",1691,,,229,="",="2/3/2026 4:52:09.784890550 PM",
="",1692,,,229,="",="2/3/2026 4:52:09.785624510 PM",
="",1694,,,229,="",="2/3/2026 4:52:09.786779140 PM",
="",1695,,,229,="",="2/3/2026 4:52:09.787315700 PM",
="",1696,,,229,="",="2/3/2026 4:52:09.788292685 PM",
="",1697,,,225,="",="2/3/2026 4:52:09.788867090 PM",
="",1698,,,229,="",="2/3/2026 4:52:09.788451975 PM",
="",1703,,,225,="",="2/3/2026 4:52:09.791481420 PM",
="",1704,,,229,="",="2/3/2026 4:52:09.790782050 PM",
="",1705,,,229,="",="2/3/2026 4:52:09.791130680 PM",
="",1708,,,229,="",="2/3/2026 4:52:09.792684935 PM",
="",1709,,,229,="",="2/3/2026 4:52:09.793148740 PM",
="",1710,,,229,="",="2/3/2026 4:52:09.793641300 PM",
="",1714,,,229,="",="2/3/2026 4:52:09.797619430 PM",
="",1715,,,229,="",="2/3/2026 4:52:09.796531845 PM",
="",1716,,,229,="",="2/3/2026 4:52:09.797508830 PM",
="",1721,,,225,="",="2/3/2026 4:52:09.809961645 PM",
="",1722,,,229,="",="2/3/2026 4:52:09.808502945 PM",
="",1723,,,229,="",="2/3/2026 4:52:09.809479930 PM",
="",1726,,,117,="",="2/3/2026 4:52:09.818211300 PM",
="",1736,,,117,="",="2/3/2026 4:52:09.825954535 PM",
="",1742,,,117,="",="2/3/2026 4:52:09.836277170 PM",
="",1743,,,117,="",="2/3/2026 4:52:09.836674385 PM",
="",1744,,,117,="",="2/3/2026 4:52:09.836822965 PM",
="",1745,,,117,="",="2/3/2026 4:52:09.836944250 PM",
="",1747,,,117,="",="2/3/2026 4:52:09.840984815 PM",
="",1749,,,229,="",="2/3/2026 4:52:09.842403030 PM",
="",1750,,,427,="",="2/3/2026 4:52:09.843518555 PM",
="",1751,,,117,="",="2/3/2026 4:52:09.843998165 PM",
="",1752,,,424,="",="2/3/2026 4:52:09.844330865 PM",
="",1762,,,229,="",="2/3/2026 4:52:09.863945800 PM",
="",1763,,,229,="",="2/3/2026 4:52:09.864482360 PM",
="",1765,,,333,="",="2/3/2026 4:52:09.866688795 PM",
="",1768,,,117,="",="2/3/2026 4:52:09.871094815 PM",
="",1772,,,117,="",="2/3/2026 4:52:09.876799715 PM",
="",1773,,,117,="",="2/3/2026 4:52:09.876865490 PM",
="",1776,,,117,="",="2/3/2026 4:52:09.887940595 PM",
="",1777,,,117,="",="2/3/2026 4:52:09.888061560 PM",
="",1778,,,229,="",="2/3/2026 4:52:09.892119215 PM",
="",1779,,,229,="",="2/3/2026 4:52:09.892655775 PM",
="",1780,,,229,="",="2/3/2026 4:52:09.893147335 PM",
="",1781,,,117,="",="2/3/2026 4:52:09.893638895 PM",
="",1783,,,229,="",="2/3/2026 4:52:09.897982835 PM",
="",1784,,,229,="",="2/3/2026 4:52:09.898518395 PM",
="",1785,,,229,="",="2/3/2026 4:52:09.899009955 PM",
="",1786,,,229,="",="2/3/2026 4:52:09.899501515 PM",
="",1787,,,229,="",="2/3/2026 4:52:09.899993075 PM",
="",1788,,,229,="",="2/3/2026 4:52:09.900484635 PM",
="",1792,,,229,="",="2/3/2026 4:52:09.903985510 PM",
="",1793,,,229,="",="2/3/2026 4:52:09.903340085 PM",
="",1794,,,229,="",="2/3/2026 4:52:09.903832645 PM",
="",1796,,,117,="",="2/3/2026 4:52:09.907336385 PM",
="",1797,,,117,="",="2/3/2026 4:52:09.907653905 PM",
="",1798,,,369,="",="2/3/2026 4:52:09.907725610 PM",
="",1811,,,117,="",="2/3/2026 4:52:09.943016840 PM",
="",1814,,,427,="",="2/3/2026 4:52:09.945920195 PM",
="",1815,,,229,="",="2/3/2026 4:52:09.946505400 PM",
="",1816,,,117,="",="2/3/2026 4:52:09.947284400 PM",
="",1818,,,117,="",="2/3/2026 4:52:09.947927310 PM",
="",1820,,,117,="",="2/3/2026 4:52:09.948425820 PM",
="",1822,,,229,="",="2/3/2026 4:52:09.948988725 PM",
="",1823,,,388,="",="2/3/2026 4:52:09.949494910 PM",
="",1828,,,117,="",="2/3/2026 4:52:09.953585885 PM",
="",1829,,,117,="",="2/3/2026 4:52:09.954263925 PM",
="",1833,,,229,="",="2/3/2026 4:52:09.958355095 PM",
="",1834,,,229,="",="2/3/2026 4:52:09.958891655 PM",
="",1835,,,229,="",="2/3/2026 4:52:09.959384215 PM",
="",1836,,,229,="",="2/3/2026 4:52:09.959875775 PM",
="",1838,,,229,="",="2/3/2026 4:52:09.960387165 PM",
="",1839,,,117,="",="2/3/2026 4:52:09.961722030 PM",
="",1840,,,117,="",="2/3/2026 4:52:09.962919185 PM",
="",1841,,,117,="",="2/3/2026 4:52:09.963341615 PM",
="",1842,,,229,="",="2/3/2026 4:52:09.963396795 PM",
="",1846,,,117,="",="2/3/2026 4:52:09.967371980 PM",
="",1851,,,117,="",="2/3/2026 4:52:09.971908445 PM",
="",1853,,,117,="",="2/3/2026 4:52:09.972466120 PM",
="",1855,,,229,="",="2/3/2026 4:52:09.974853195 PM",
="",1861,,,117,="",="2/3/2026 4:52:09.976569195 PM",
="",1863,,,117,="",="2/3/2026 4:52:09.977148725 PM",
="",1864,,,117,="",="2/3/2026 4:52:09.980029695 PM",
="",1866,,,117,="",="2/3/2026 4:52:09.985616830 PM",
="",1867,,,117,="",="2/3/2026 4:52:09.985799385 PM",
="",1873,,,117,="",="2/3/2026 4:52:09.994510260 PM",
="",1874,,,117,="",="2/3/2026 4:52:09.994673760 PM",
="",1875,,,117,="",="2/3/2026 4:52:09.994863820 PM",
="",1876,,,117,="",="2/3/2026 4:52:09.995053815 PM",
="",1877,,,117,="",="2/3/2026 4:52:09.995243965 PM",
="",1880,,,117,="",="2/3/2026 4:52:09.999282000 PM",
="",1881,,,117,="",="2/3/2026 4:52:09.999503650 PM",
="",1888,,,465,="",="2/3/2026 4:52:10.019693880 PM",
="",1889,,,425,="",="2/3/2026 4:52:10.020267675 PM",
="",1890,,,425,="",="2/3/2026 4:52:10.020788710 PM",
="",1892,,,117,="",="2/3/2026 4:52:10.024102985 PM",
="",1894,,,229,="",="2/3/2026 4:52:10.030149535 PM",
="",1895,,,229,="",="2/3/2026 4:52:10.030686095 PM",
="",1896,,,117,="",="2/3/2026 4:52:10.031473620 PM",
="",1897,,,117,="",="2/3/2026 4:52:10.031594145 PM",
="",1901,,,91,="",="2/3/2026 4:52:10.041293490 PM",
="",1902,,,117,="",="2/3/2026 4:52:10.045764655 PM",
="",1903,,,424,="",="2/3/2026 4:52:10.049136040 PM",
="",1904,,,397,="",="2/3/2026 4:52:10.049907320 PM",
="",1907,,,117,="",="2/3/2026 4:52:10.056620085 PM",
="",1910,,,229,="",="2/3/2026 4:52:10.060212075 PM",
="",1912,,,229,="",="2/3/2026 4:52:10.060748635 PM",
="",1913,,,229,="",="2/3/2026 4:52:10.061241195 PM",
="",1914,,,105,="",="2/3/2026 4:52:10.061825830 PM",
="",1915,,,117,="",="2/3/2026 4:52:10.062061040 PM",
="",1916,,,117,="",="2/3/2026 4:52:10.062271475 PM",
="",1920,,,117,="",="2/3/2026 4:52:10.066710695 PM",
="",1922,,,229,="",="2/3/2026 4:52:10.069361595 PM",
="",1923,,,229,="",="2/3/2026 4:52:10.069898155 PM",
="",1924,,,229,="",="2/3/2026 4:52:10.070390715 PM",
="",1925,,,229,="",="2/3/2026 4:52:10.070883275 PM",
="",1926,,,229,="",="2/3/2026 4:52:10.071375835 PM",
="",1927,,,229,="",="2/3/2026 4:52:10.071867395 PM",
="",1931,,,1429,="",="2/3/2026 4:52:10.075631050 PM",
="",1933,,,229,="",="2/3/2026 4:52:10.076167610 PM",
="",1934,,,229,="",="2/3/2026 4:52:10.076660170 PM",
="",1935,,,229,="",="2/3/2026 4:52:10.077151730 PM",
="",1938,,,117,="",="2/3/2026 4:52:10.093730610 PM",
="",1940,,,117,="",="2/3/2026 4:52:10.097596875 PM",
="",1941,,,117,="",="2/3/2026 4:52:10.097987290 PM",
="",1945,,,117,="",="2/3/2026 4:52:10.104060745 PM",
="",1946,,,117,="",="2/3/2026 4:52:10.104181350 PM",
="",1947,,,117,="",="2/3/2026 4:52:10.104454840 PM",
="",1948,,,117,="",="2/3/2026 4:52:10.104667930 PM",
="",1953,,,117,="",="2/3/2026 4:52:10.129956920 PM",
="",1955,,,117,="",="2/3/2026 4:52:10.141780375 PM",
="",1956,,,117,="",="2/3/2026 4:52:10.141918475 PM",
="",1958,,,117,="",="2/3/2026 4:52:10.145913930 PM",
="",1959,,,117,="",="2/3/2026 4:52:10.146034575 PM",
="",1961,,,117,="",="2/3/2026 4:52:10.151258295 PM",
="",1962,,,424,="",="2/3/2026 4:52:10.151594730 PM",
="",1964,,,388,="",="2/3/2026 4:52:10.154297960 PM",
="",1969,,,117,="",="2/3/2026 4:52:10.158576420 PM",
="",1970,,,117,="",="2/3/2026 4:52:10.158716865 PM",
="",1971,,,117,="",="2/3/2026 4:52:10.158873285 PM",
="",1972,,,117,="",="2/3/2026 4:52:10.159059080 PM",
="",1976,,,117,="",="2/3/2026 4:52:10.163111845 PM",
="",1977,,,117,="",="2/3/2026 4:52:10.163454325 PM",
="",1978,,,117,="",="2/3/2026 4:52:10.164561330 PM",
="",1982,,,117,="",="2/3/2026 4:52:10.166345110 PM",
="",1983,,,117,="",="2/3/2026 4:52:10.167282855 PM",
="",1984,,,117,="",="2/3/2026 4:52:10.167646910 PM",
="",1989,,,117,="",="2/3/2026 4:52:10.171833480 PM",
="",1999,,,117,="",="2/3/2026 4:52:10.184119860 PM",
="",2001,,,117,="",="2/3/2026 4:52:10.187144690 PM",
="",2006,,,117,="",="2/3/2026 4:52:10.191272565 PM",
="",2007,,,117,="",="2/3/2026 4:52:10.191398810 PM",
="",2009,,,117,="",="2/3/2026 4:52:10.195427055 PM",
="",2010,,,117,="",="2/3/2026 4:52:10.195554060 PM",
="",2013,,,117,="",="2/3/2026 4:52:10.199726270 PM",
="",2014,,,99,="",="2/3/2026 4:52:10.202899585 PM",
="",2015,,,117,="",="2/3/2026 4:52:10.203038445 PM",
="",2023,,,117,="",="2/3/2026 4:52:10.233777645 PM",
="",2024,,,117,="",="2/3/2026 4:52:10.233936090 PM",
="",2032,,,264,="",="2/3/2026 4:52:10.251847115 PM",
="",2034,,,117,="",="2/3/2026 4:52:10.253877210 PM",
="",2035,,,117,="",="2/3/2026 4:52:10.255474995 PM",
="",2036,,,117,="",="2/3/2026 4:52:10.255986350 PM",
="",2038,,,388,="",="2/3/2026 4:52:10.256705825 PM",
="",2042,,,117,="",="2/3/2026 4:52:10.260975740 PM",
="",2043,,,117,="",="2/3/2026 4:52:10.261125065 PM",
="",2046,,,117,="",="2/3/2026 4:52:10.265120175 PM",
="",2047,,,117,="",="2/3/2026 4:52:10.265421640 PM",
="",2048,,,117,="",="2/3/2026 4:52:10.265758495 PM",
="",2049,,,117,="",="2/3/2026 4:52:10.266061120 PM",
="",2050,,,117,="",="2/3/2026 4:52:10.267091735 PM",
="",2058,,,117,="",="2/3/2026 4:52:10.277640165 PM",
="",2061,,,117,="",="2/3/2026 4:52:10.281608220 PM",
="",2067,,,117,="",="2/3/2026 4:52:10.285889195 PM",
="",2069,,,117,="",="2/3/2026 4:52:10.289900425 PM",
="",2070,,,117,="",="2/3/2026 4:52:10.290065885 PM",
="",2072,,,117,="",="2/3/2026 4:52:10.294095995 PM",
="",2073,,,117,="",="2/3/2026 4:52:10.294253295 PM",
="",2075,,,117,="",="2/3/2026 4:52:10.298623940 PM",
="",2076,,,117,="",="2/3/2026 4:52:10.298777640 PM",
="",2080,,,99,="",="2/3/2026 4:52:10.302940200 PM",
="",2081,,,117,="",="2/3/2026 4:52:10.303017200 PM",
="",2082,,,117,="",="2/3/2026 4:52:10.303071935 PM",
="",2084,,,229,="",="2/3/2026 4:52:10.303327525 PM",
="",2092,,,117,="",="2/3/2026 4:52:10.339608545 PM",
="",2094,,,117,="",="2/3/2026 4:52:10.350910085 PM",
="",2095,,,117,="",="2/3/2026 4:52:10.350960420 PM",
="",2096,,,117,="",="2/3/2026 4:52:10.351420745 PM",
="",2097,,,117,="",="2/3/2026 4:52:10.351972075 PM",
="",2106,,,117,="",="2/3/2026 4:52:10.377592945 PM",
="",2114,,,3229,="",="2/3/2026 4:52:10.395271370 PM",
="",2125,,,480,="",="2/3/2026 4:52:10.429861930 PM",
="",2131,,,117,="",="2/3/2026 4:52:10.455427465 PM",
="",2140,,,229,="",="2/3/2026 4:52:10.463253950 PM",
="",2152,,,117,="",="2/3/2026 4:52:10.482352655 PM",
="",2154,,,117,="",="2/3/2026 4:52:10.485106460 PM",
="",2155,,,229,="",="2/3/2026 4:52:10.486444415 PM",
="",2159,,,117,="",="2/3/2026 4:52:10.489974620 PM",
="",2161,,,229,="",="2/3/2026 4:52:10.492423005 PM",
="",2167,,,117,="",="2/3/2026 4:52:10.498342560 PM",
="",2177,,,117,="",="2/3/2026 4:52:10.505482345 PM",
="",2194,,,117,="",="2/3/2026 4:52:10.541585870 PM",
="",2202,,,573,="",="2/3/2026 4:52:10.554994255 PM",
="",2205,,,573,="",="2/3/2026 4:52:10.561745370 PM",
="",2207,,,491,="",="2/3/2026 4:52:10.564874175 PM",
="",2211,,,484,="",="2/3/2026 4:52:10.570981665 PM",
="",2221,,,340,="",="2/3/2026 4:52:10.591689115 PM",
="",2228,,,117,="",="2/3/2026 4:52:10.609643570 PM",
="",2236,,,117,="",="2/3/2026 4:52:10.640584630 PM",
="",2238,,,99,="",="2/3/2026 4:52:10.647201860 PM",
="",2263,,,117,="",="2/3/2026 4:52:10.706878225 PM",
="",2268,,,223,="",="2/3/2026 4:52:10.712819345 PM",
="",2280,,,105,="",="2/3/2026 4:52:10.742579840 PM",
="",2329,,,424,="",="2/3/2026 4:52:10.868336585 PM",
="",2338,,,364,="",="2/3/2026 4:52:10.878916135 PM",
="",2340,,,117,="",="2/3/2026 4:52:10.879810680 PM",
="",2348,,,532,="",="2/3/2026 4:52:10.910834850 PM",
="",2349,,,532,="",="2/3/2026 4:52:10.914773345 PM",
="",2361,,,223,="",="2/3/2026 4:52:10.948408090 PM",
="",2392,,,117,="",="2/3/2026 4:52:11.037958970 PM",
="",2400,,,117,="",="2/3/2026 4:52:11.089210965 PM",
="",2423,,,117,="",="2/3/2026 4:52:11.153736355 PM",
="",2424,,,117,="",="2/3/2026 4:52:11.155328060 PM",
="",2431,,,117,="",="2/3/2026 4:52:11.196587260 PM",
="",2439,,,343,="",="2/3/2026 4:52:11.221106010 PM",
="",2442,,,480,="",="2/3/2026 4:52:11.224411095 PM",
="",2443,,,444,="",="2/3/2026 4:52:11.225081895 PM",
="",2453,,,425,="",="2/3/2026 4:52:11.249051285 PM",
="",2469,,,99,="",="2/3/2026 4:52:11.303116915 PM",
="",2526,,,99,="",="2/3/2026 4:52:11.471147355 PM",
="",2539,,,105,="",="2/3/2026 4:52:11.492650030 PM",
="",2603,,,117,="",="2/3/2026 4:52:11.665538415 PM",
="",2618,,,480,="",="2/3/2026 4:52:11.693491255 PM",
="",2620,,,223,="",="2/3/2026 4:52:11.696095390 PM",
="",2628,,,117,="",="2/3/2026 4:52:11.704802415 PM",
="",2629,,,117,="",="2/3/2026 4:52:11.704923260 PM",
="",2672,,,117,="",="2/3/2026 4:52:11.813807310 PM",
="",2722,,,229,="",="2/3/2026 4:52:11.993938715 PM",
="",2723,,,424,="",="2/3/2026 4:52:11.994763640 PM",
="",2730,,,117,="",="2/3/2026 4:52:12.003360595 PM",
="",2744,,,117,="",="2/3/2026 4:52:12.039066070 PM",
="",2766,,,117,="",="2/3/2026 4:52:12.087614235 PM",
="",2783,,,333,="",="2/3/2026 4:52:12.111074685 PM",
="",2789,,,314,="",="2/3/2026 4:52:12.127503625 PM",
="",2794,,,117,="",="2/3/2026 4:52:12.146634840 PM",
="",2796,,,123,="",="2/3/2026 4:52:12.151608790 PM",
="",2799,,,348,="",="2/3/2026 4:52:12.156088440 PM",
="",2805,,,125,="",="2/3/2026 4:52:12.175644590 PM",
="",2808,,,123,="",="2/3/2026 4:52:12.176625635 PM",
="",2809,,,117,="",="2/3/2026 4:52:12.177207220 PM",
="",2812,,,117,="",="2/3/2026 4:52:12.178769150 PM",
="",2825,,,378,="",="2/3/2026 4:52:12.196363175 PM",
="",2835,,,117,="",="2/3/2026 4:52:12.205015660 PM",
="",2837,,,117,="",="2/3/2026 4:52:12.206616925 PM",
="",2855,,,117,="",="2/3/2026 4:52:12.227493675 PM",
="",2860,,,382,="",="2/3/2026 4:52:12.232222280 PM",
="",2861,,,117,="",="2/3/2026 4:52:12.234905030 PM",
="",2871,,,404,="",="2/3/2026 4:52:12.260804160 PM",
="",2881,,,99,="",="2/3/2026 4:52:12.283060460 PM",
="",2887,,,459,="",="2/3/2026 4:52:12.305195395 PM",
="",2895,,,99,="",="2/3/2026 4:52:12.314638880 PM",
="",2896,,,117,="",="2/3/2026 4:52:12.314759285 PM",
="",2900,,,117,="",="2/3/2026 4:52:12.317586720 PM",
="",2901,,,117,="",="2/3/2026 4:52:12.319616310 PM",
="",2904,,,211,="",="2/3/2026 4:52:12.328621050 PM",
="",2907,,,117,="",="2/3/2026 4:52:12.335154530 PM",
="",2941,,,117,="",="2/3/2026 4:52:12.405838250 PM",
="",2956,,,99,="",="2/3/2026 4:52:12.447819560 PM",
="",2982,,,364,="",="2/3/2026 4:52:12.517257315 PM",
="",2992,,,117,="",="2/3/2026 4:52:12.531451235 PM",
="",2993,,,117,="",="2/3/2026 4:52:12.532975205 PM",
="",2995,,,117,="",="2/3/2026 4:52:12.534498720 PM",
="",2996,,,117,="",="2/3/2026 4:52:12.535627165 PM",
="",2997,,,117,="",="2/3/2026 4:52:12.536206790 PM",
="",2998,,,117,="",="2/3/2026 4:52:12.536759425 PM",
="",3009,,,117,="",="2/3/2026 4:52:12.559255695 PM",
="",3023,,,105,="",="2/3/2026 4:52:12.584563360 PM",
="",3029,,,117,="",="2/3/2026 4:52:12.591123800 PM",
="",3032,,,117,="",="2/3/2026 4:52:12.596311345 PM",
="",3036,,,427,="",="2/3/2026 4:52:12.608344565 PM",
="",3044,,,117,="",="2/3/2026 4:52:12.618086660 PM",
="",3045,,,117,="",="2/3/2026 4:52:12.618594280 PM",
="",3049,,,117,="",="2/3/2026 4:52:12.621929230 PM",
="",3053,,,117,="",="2/3/2026 4:52:12.630333985 PM",
="",3060,,,117,="",="2/3/2026 4:52:12.633116085 PM",
="",3061,,,125,="",="2/3/2026 4:52:12.634356195 PM",
="",3063,,,117,="",="2/3/2026 4:52:12.634647175 PM",
="",3068,,,117,="",="2/3/2026 4:52:12.637368485 PM",
="",3069,,,117,="",="2/3/2026 4:52:12.637489450 PM",
="",3071,,,117,="",="2/3/2026 4:52:12.638596015 PM",
="",3072,,,117,="",="2/3/2026 4:52:12.639194440 PM",
="",3077,,,117,="",="2/3/2026 4:52:12.645169430 PM",
="",3081,,,117,="",="2/3/2026 4:52:12.647321105 PM",
="",3087,,,125,="",="2/3/2026 4:52:12.653230190 PM",
="",3089,,,125,="",="2/3/2026 4:52:12.653919685 PM",
="",3096,,,125,="",="2/3/2026 4:52:12.657866220 PM",
="",3099,,,117,="",="2/3/2026 4:52:12.658569710 PM",
="",3101,,,117,="",="2/3/2026 4:52:12.661004235 PM",
="",3102,,,125,="",="2/3/2026 4:52:12.661463205 PM",
="",3105,,,117,="",="2/3/2026 4:52:12.662576900 PM",
="",3106,,,105,="",="2/3/2026 4:52:12.662720025 PM",
="",3107,,,117,="",="2/3/2026 4:52:12.663074480 PM",
="",3108,,,125,="",="2/3/2026 4:52:12.664611560 PM",
="",3125,,,129,="",="2/3/2026 4:52:12.692640880 PM",
="",3127,,,125,="",="2/3/2026 4:52:12.693296170 PM",
="",3129,,,117,="",="2/3/2026 4:52:12.693768890 PM",
="",3134,,,125,="",="2/3/2026 4:52:12.701433635 PM",
="",3146,,,117,="",="2/3/2026 4:52:12.738154285 PM",
="",3151,,,117,="",="2/3/2026 4:52:12.748424105 PM",
="",3159,,,125,="",="2/3/2026 4:52:12.763560715 PM",
="",3160,,,105,="",="2/3/2026 4:52:12.763664220 PM",
="",3170,,,425,="",="2/3/2026 4:52:12.787362245 PM",
="",3175,,,117,="",="2/3/2026 4:52:12.801417385 PM",
="",3177,,,117,="",="2/3/2026 4:52:12.806419955 PM",
="",3180,,,378,="",="2/3/2026 4:52:12.810903060 PM",
="",3208,,,480,="",="2/3/2026 4:52:12.872663930 PM",
="",3214,,,229,="",="2/3/2026 4:52:12.900319390 PM",
="",3229,,,573,="",="2/3/2026 4:52:12.932175615 PM",
="",3230,,,573,="",="2/3/2026 4:52:12.933284940 PM",
="",3234,,,333,="",="2/3/2026 4:52:12.941543530 PM",
="",3255,,,105,="",="2/3/2026 4:52:13.007977145 PM",
="",3257,,,125,="",="2/3/2026 4:52:13.022857665 PM",
="",3269,,,105,="",="2/3/2026 4:52:13.040599715 PM",
="",3276,,,99,="",="2/3/2026 4:52:13.047846430 PM",
="",3277,,,117,="",="2/3/2026 4:52:13.049207420 PM",
="",3282,,,117,="",="2/3/2026 4:52:13.062075420 PM",
="",3306,,,125,="",="2/3/2026 4:52:13.128853340 PM",
="",3321,,,117,="",="2/3/2026 4:52:13.149340610 PM",
="",3339,,,99,="",="2/3/2026 4:52:13.198601205 PM",
="",3340,,,99,="",="2/3/2026 4:52:13.200953540 PM",
="",3344,,,117,="",="2/3/2026 4:52:13.213339020 PM",
="",3363,,,117,="",="2/3/2026 4:52:13.249964820 PM",
="",3366,,,125,="",="2/3/2026 4:52:13.252536650 PM",
="",3372,,,117,="",="2/3/2026 4:52:13.264179480 PM",
="",3373,,,117,="",="2/3/2026 4:52:13.265092930 PM",
="",3375,,,105,="",="2/3/2026 4:52:13.270593295 PM",
="",3382,,,175,="",="2/3/2026 4:52:13.294360165 PM",
="",3383,,,117,="",="2/3/2026 4:52:13.296469710 PM",
="",3396,,,117,="",="2/3/2026 4:52:13.329180625 PM",
="",3402,,,105,="",="2/3/2026 4:52:13.334827895 PM",
="",3424,,,99,="",="2/3/2026 4:52:13.406868580 PM",
="",3436,,,117,="",="2/3/2026 4:52:13.435415900 PM",
="",3449,,,105,="",="2/3/2026 4:52:13.452001020 PM",
="",3483,,,348,="",="2/3/2026 4:52:13.589707705 PM",
="",3511,,,117,="",="2/3/2026 4:52:13.646279340 PM",
="",3555,,,314,="",="2/3/2026 4:52:13.765731260 PM",
="",3564,,,99,="",="2/3/2026 4:52:13.821097100 PM",
="",3624,,,229,="",="2/3/2026 4:52:14.011033940 PM",
="",3635,,,99,="",="2/3/2026 4:52:14.053242215 PM",
="",3664,,,117,="",="2/3/2026 4:52:14.137728660 PM",
="",3674,,,117,="",="2/3/2026 4:52:14.158999700 PM",
="",3679,,,340,="",="2/3/2026 4:52:14.166560385 PM",
="",3684,,,117,="",="2/3/2026 4:52:14.172739235 PM",
="",3686,,,117,="",="2/3/2026 4:52:14.176527415 PM",
="",3690,,,117,="",="2/3/2026 4:52:14.184624025 PM",
="",3699,,,117,="",="2/3/2026 4:52:14.213573205 PM",
="",3709,,,424,="",="2/3/2026 4:52:14.247564720 PM",
="",3733,,,117,="",="2/3/2026 4:52:14.275631150 PM",
="",3741,,,117,="",="2/3/2026 4:52:14.297532335 PM",
="",3748,,,323,="",="2/3/2026 4:52:14.320493265 PM",
="",3750,,,117,="",="2/3/2026 4:52:14.329011365 PM",
="",3752,,,117,="",="2/3/2026 4:52:14.333273260 PM",
="",3756,,,388,="",="2/3/2026 4:52:14.352733715 PM",
="",3759,,,125,="",="2/3/2026 4:52:14.357628205 PM",
="",3762,,,117,="",="2/3/2026 4:52:14.358463050 PM",
="",3763,,,117,="",="2/3/2026 4:52:14.360077285 PM",
="",3767,,,117,="",="2/3/2026 4:52:14.362352945 PM",
="",3770,,,117,="",="2/3/2026 4:52:14.365809900 PM",
="",3781,,,125,="",="2/3/2026 4:52:14.394577825 PM",
="",3786,,,117,="",="2/3/2026 4:52:14.399937945 PM",
="",3791,,,117,="",="2/3/2026 4:52:14.401511275 PM",
="",3792,,,117,="",="2/3/2026 4:52:14.401724710 PM",
="",3794,,,117,="",="2/3/2026 4:52:14.402482755 PM",
="",3795,,,117,="",="2/3/2026 4:52:14.402602920 PM",
="",3801,,,185,="",="2/3/2026 4:52:14.409768655 PM",
="",3802,,,117,="",="2/3/2026 4:52:14.419632720 PM",
="",3809,,,117,="",="2/3/2026 4:52:14.442448825 PM",
="",3831,,,117,="",="2/3/2026 4:52:14.497284940 PM",
="",3833,,,117,="",="2/3/2026 4:52:14.503864715 PM",
="",3873,,,105,="",="2/3/2026 4:52:14.604485940 PM",
="",3876,,,573,="",="2/3/2026 4:52:14.630177495 PM",
="",3879,,,573,="",="2/3/2026 4:52:14.647376130 PM",
="",3898,,,340,="",="2/3/2026 4:52:14.687718205 PM",
="",3903,,,105,="",="2/3/2026 4:52:14.707047510 PM",
="",3914,,,105,="",="2/3/2026 4:52:14.735956650 PM",
="",3931,,,1485,="",="2/3/2026 4:52:14.803315775 PM",
="",3958,,,117,="",="2/3/2026 4:52:14.873067295 PM",
="",3959,,,333,="",="2/3/2026 4:52:14.876124020 PM",
="",3993,,,262,="",="2/3/2026 4:52:14.998068800 PM",
="",4000,,,105,="",="2/3/2026 4:52:15.009283270 PM",
="",4009,,,99,="",="2/3/2026 4:52:15.047191455 PM",
="",4013,,,424,="",="2/3/2026 4:52:15.066770835 PM",
="",4041,,,99,="",="2/3/2026 4:52:15.117499415 PM",
="",4061,,,397,="",="2/3/2026 4:52:15.169922395 PM",
="",4092,,,99,="",="2/3/2026 4:52:15.247818875 PM",
="",4095,,,397,="",="2/3/2026 4:52:15.272324370 PM",
="",4099,,,421,="",="2/3/2026 4:52:15.278331055 PM",
="",4100,,,418,="",="2/3/2026 4:52:15.280669410 PM",
="",4116,,,117,="",="2/3/2026 4:52:15.322537375 PM",
="",4128,,,117,="",="2/3/2026 4:52:15.349950040 PM",
="",4132,,,99,="",="2/3/2026 4:52:15.359762840 PM",
="",4142,,,117,="",="2/3/2026 4:52:15.381728215 PM",
="",4154,,,117,="",="2/3/2026 4:52:15.401676230 PM",
="",4157,,,189,="",="2/3/2026 4:52:15.406584135 PM",
="",4159,,,117,="",="2/3/2026 4:52:15.410568245 PM",
="",4160,,,117,="",="2/3/2026 4:52:15.418671655 PM",
="",4162,,,343,="",="2/3/2026 4:52:15.419538575 PM",
="",4185,,,117,="",="2/3/2026 4:52:15.485257525 PM",
="",4201,,,366,="",="2/3/2026 4:52:15.537466595 PM",
="",4217,,,427,="",="2/3/2026 4:52:15.577972935 PM",
="",4249,,,424,="",="2/3/2026 4:52:15.681389625 PM",
="",4279,,,342,="",="2/3/2026 4:52:15.756325785 PM",
="",4355,,,427,="",="2/3/2026 4:52:15.987576165 PM",
="",4356,,,424,="",="2/3/2026 4:52:15.988408810 PM",
="",4387,,,117,="",="2/3/2026 4:52:16.065659635 PM",
="",4479,,,129,="",="2/3/2026 4:52:16.321765550 PM",
="",4527,,,125,="",="2/3/2026 4:52:16.448954910 PM",
="",4532,,,99,="",="2/3/2026 4:52:16.451602870 PM",
="",4564,,,340,="",="2/3/2026 4:52:16.530937330 PM",
="",4591,,,382,="",="2/3/2026 4:52:16.608756205 PM",
="",4646,,,109,="",="2/3/2026 4:52:16.737354900 PM",
="",4717,,,117,="",="2/3/2026 4:52:16.946456950 PM",
="",4750,,,117,="",="2/3/2026 4:52:17.057776805 PM",
="",4772,,,397,="",="2/3/2026 4:52:17.117724540 PM",
="",4815,,,99,="",="2/3/2026 4:52:17.247186940 PM",
="",4822,,,484,="",="2/3/2026 4:52:17.271510890 PM",
="",4826,,,367,="",="2/3/2026 4:52:17.275687365 PM",
="",4827,,,316,="",="2/3/2026 4:52:17.281170555 PM",
="",4861,,,532,="",="2/3/2026 4:52:17.386064035 PM",
="",4873,,,427,="",="2/3/2026 4:52:17.421190110 PM",
="",4897,,,99,="",="2/3/2026 4:52:17.502255340 PM",
="",4918,,,99,="",="2/3/2026 4:52:17.547272645 PM",
="",4921,,,99,="",="2/3/2026 4:52:17.561021325 PM",
="",4987,,,465,="",="2/3/2026 4:52:17.802426465 PM",
="",4988,,,425,="",="2/3/2026 4:52:17.802963630 PM",
="",5020,,,427,="",="2/3/2026 4:52:17.933194520 PM",
="",5021,,,424,="",="2/3/2026 4:52:17.933991390 PM",
="",5028,,,99,="",="2/3/2026 4:52:17.943531145 PM",
="",5045,,,229,="",="2/3/2026 4:52:18.008280125 PM",
="",5063,,,99,="",="2/3/2026 4:52:18.062289865 PM",
="",5088,,,573,="",="2/3/2026 4:52:18.130478100 PM",
="",5130,,,105,="",="2/3/2026 4:52:18.251495000 PM",
="",5131,,,364,="",="2/3/2026 4:52:18.251709320 PM",
="",5179,,,378,="",="2/3/2026 4:52:18.442841595 PM",
="",5180,,,424,="",="2/3/2026 4:52:18.446135455 PM",
="",5181,,,397,="",="2/3/2026 4:52:18.446859920 PM",
="",5218,,,99,="",="2/3/2026 4:52:18.552559405 PM",
="",5228,,,333,="",="2/3/2026 4:52:18.567130880 PM",
="",5239,,,117,="",="2/3/2026 4:52:18.603020045 PM",
="",5245,,,117,="",="2/3/2026 4:52:18.637122770 PM",
="",5247,,,117,="",="2/3/2026 4:52:18.638237135 PM",
="",5248,,,397,="",="2/3/2026 4:52:18.651578495 PM",
="",5290,,,105,="",="2/3/2026 4:52:18.760675745 PM",
="",5291,,,117,="",="2/3/2026 4:52:18.761079370 PM",
="",5303,,,398,="",="2/3/2026 4:52:18.780970545 PM",
="",5309,,,99,="",="2/3/2026 4:52:18.797658875 PM",
="",5338,,,105,="",="2/3/2026 4:52:18.877663060 PM",
="",5339,,,340,="",="2/3/2026 4:52:18.877912860 PM",
="",5342,,,105,="",="2/3/2026 4:52:18.880284740 PM",
="",5344,,,105,="",="2/3/2026 4:52:18.880725945 PM",
="",5354,,,105,="",="2/3/2026 4:52:18.901944430 PM",
="",5355,,,117,="",="2/3/2026 4:52:18.902339535 PM",
="",5434,,,105,="",="2/3/2026 4:52:19.171730025 PM",
="",5447,,,99,="",="2/3/2026 4:52:19.201904990 PM",
="",5451,,,99,="",="2/3/2026 4:52:19.204634675 PM",
="",5454,,,105,="",="2/3/2026 4:52:19.212443460 PM",
="",5456,,,105,="",="2/3/2026 4:52:19.212825035 PM",
="",5464,,,573,="",="2/3/2026 4:52:19.254384225 PM",
="",5465,,,378,="",="2/3/2026 4:52:19.262535080 PM",
="",5485,,,103,="",="2/3/2026 4:52:19.320498015 PM",
="",5495,,,105,="",="2/3/2026 4:52:19.368859325 PM",
="",5507,,,105,="",="2/3/2026 4:52:19.388296425 PM",
="",5511,,,105,="",="2/3/2026 4:52:19.390987095 PM",
="",5522,,,105,="",="2/3/2026 4:52:19.414104465 PM",
="",5528,,,404,="",="2/3/2026 4:52:19.428831660 PM",
="",5534,,,105,="",="2/3/2026 4:52:19.445275605 PM",
="",5537,,,99,="",="2/3/2026 4:52:19.454108045 PM",
="",5572,,,484,="",="2/3/2026 4:52:19.530988035 PM",
="",5579,,,444,="",="2/3/2026 4:52:19.555240620 PM",
="",5594,,,340,="",="2/3/2026 4:52:19.599314815 PM",
="",5601,,,105,="",="2/3/2026 4:52:19.621083300 PM",
="",5602,,,105,="",="2/3/2026 4:52:19.622784210 PM",
="",5613,,,99,="",="2/3/2026 4:52:19.676395010 PM",
="",5629,,,105,="",="2/3/2026 4:52:19.696137510 PM",
="",5666,,,117,="",="2/3/2026 4:52:19.814122705 PM",
="",5678,,,117,="",="2/3/2026 4:52:19.860606870 PM",
="",5680,,,117,="",="2/3/2026 4:52:19.862920270 PM",
="",5694,,,113,="",="2/3/2026 4:52:19.909757095 PM",
="",5699,,,99,="",="2/3/2026 4:52:19.930382865 PM",
="",5700,,,117,="",="2/3/2026 4:52:19.931849645 PM",
="",5701,,,443,="",="2/3/2026 4:52:19.935090730 PM",
="",5708,,,117,="",="2/3/2026 4:52:19.959260605 PM",
="",5742,,,444,="",="2/3/2026 4:52:20.037012920 PM",
="",5751,,,117,="",="2/3/2026 4:52:20.060088435 PM",
="",5754,,,378,="",="2/3/2026 4:52:20.081258275 PM",
="",5773,,,117,="",="2/3/2026 4:52:20.123332550 PM",
="",5793,,,117,="",="2/3/2026 4:52:20.197764075 PM",
="",5806,,,117,="",="2/3/2026 4:52:20.229317835 PM",
="",5808,,,117,="",="2/3/2026 4:52:20.231277875 PM",
="",5810,,,117,="",="2/3/2026 4:52:20.234145725 PM",
="",5815,,,117,="",="2/3/2026 4:52:20.240351725 PM",
="",5823,,,360,="",="2/3/2026 4:52:20.251011005 PM",
="",5836,,,117,="",="2/3/2026 4:52:20.274235080 PM",
="",5837,,,117,="",="2/3/2026 4:52:20.277643420 PM",
="",5838,,,117,="",="2/3/2026 4:52:20.277765025 PM",
="",5843,,,117,="",="2/3/2026 4:52:20.288897065 PM",
="",5844,,,117,="",="2/3/2026 4:52:20.289046605 PM",
="",5845,,,117,="",="2/3/2026 4:52:20.289303135 PM",
="",5846,,,117,="",="2/3/2026 4:52:20.289487570 PM",
="",5854,,,117,="",="2/3/2026 4:52:20.300273450 PM",
="",5856,,,117,="",="2/3/2026 4:52:20.304304415 PM",
="",5857,,,117,="",="2/3/2026 4:52:20.304441900 PM",
="",5860,,,117,="",="2/3/2026 4:52:20.309379115 PM",
="",5861,,,117,="",="2/3/2026 4:52:20.309536575 PM",
="",5862,,,117,="",="2/3/2026 4:52:20.309718875 PM",
="",5863,,,117,="",="2/3/2026 4:52:20.313826190 PM",
="",5864,,,117,="",="2/3/2026 4:52:20.314136815 PM",
="",5865,,,117,="",="2/3/2026 4:52:20.315905675 PM",
="",5866,,,117,="",="2/3/2026 4:52:20.316063135 PM",
="",5868,,,117,="",="2/3/2026 4:52:20.317218435 PM",
="",5870,,,117,="",="2/3/2026 4:52:20.325683660 PM",
="",5871,,,117,="",="2/3/2026 4:52:20.326138185 PM",
="",5873,,,117,="",="2/3/2026 4:52:20.328626760 PM",
="",5874,,,117,="",="2/3/2026 4:52:20.328767740 PM",
="",5877,,,117,="",="2/3/2026 4:52:20.332876800 PM",
="",5879,,,117,="",="2/3/2026 4:52:20.336935380 PM",
="",5880,,,117,="",="2/3/2026 4:52:20.337117360 PM",
="",5885,,,117,="",="2/3/2026 4:52:20.341650665 PM",
="",5906,,,117,="",="2/3/2026 4:52:20.399342000 PM",
="",5907,,,117,="",="2/3/2026 4:52:20.399462565 PM",
="",5909,,,117,="",="2/3/2026 4:52:20.400876970 PM",
="",5910,,,117,="",="2/3/2026 4:52:20.401502675 PM",
="",5911,,,117,="",="2/3/2026 4:52:20.401624920 PM",
="",5916,,,117,="",="2/3/2026 4:52:20.412156630 PM",
="",5921,,,117,="",="2/3/2026 4:52:20.419614855 PM",
="",5922,,,117,="",="2/3/2026 4:52:20.419715445 PM",
="",5926,,,117,="",="2/3/2026 4:52:20.439728450 PM",
="",5927,,,117,="",="2/3/2026 4:52:20.440726530 PM",
="",5928,,,117,="",="2/3/2026 4:52:20.440874910 PM",
="",5929,,,117,="",="2/3/2026 4:52:20.441021035 PM",
="",5932,,,117,="",="2/3/2026 4:52:20.446017040 PM",
="",5943,,,117,="",="2/3/2026 4:52:20.481625080 PM",
="",5944,,,117,="",="2/3/2026 4:52:20.481746565 PM",
="",5945,,,117,="",="2/3/2026 4:52:20.485784050 PM",
="",5966,,,117,="",="2/3/2026 4:52:20.534900655 PM",
="",5967,,,117,="",="2/3/2026 4:52:20.535022060 PM",
="",5968,,,117,="",="2/3/2026 4:52:20.539072105 PM",
="",5970,,,117,="",="2/3/2026 4:52:20.539266340 PM",
="",5974,,,117,="",="2/3/2026 4:52:20.543286210 PM",
="",5975,,,117,="",="2/3/2026 4:52:20.547650135 PM",
="",5980,,,117,="",="2/3/2026 4:52:20.559283010 PM",
="",5982,,,117,="",="2/3/2026 4:52:20.577045695 PM",
="",5984,,,117,="",="2/3/2026 4:52:20.585382915 PM",
="",5994,,,340,="",="2/3/2026 4:52:20.618526365 PM",
="",6015,,,364,="",="2/3/2026 4:52:20.704615135 PM",
="",6019,,,117,="",="2/3/2026 4:52:20.709243120 PM",
="",6037,,,117,="",="2/3/2026 4:52:20.778630405 PM",
="",6038,,,117,="",="2/3/2026 4:52:20.782925995 PM",
="",6046,,,117,="",="2/3/2026 4:52:20.811098025 PM",
="",6048,,,117,="",="2/3/2026 4:52:20.811670115 PM",
="",6050,,,117,="",="2/3/2026 4:52:20.813862605 PM",
="",6115,,,340,="",="2/3/2026 4:52:21.036568100 PM",
="",6129,,,532,="",="2/3/2026 4:52:21.116411045 PM",
="",6196,,,465,="",="2/3/2026 4:52:21.386168775 PM",
="",6220,,,340,="",="2/3/2026 4:52:21.445730970 PM",
="",6248,,,105,="",="2/3/2026 4:52:21.543309710 PM",
="",6288,,,316,="",="2/3/2026 4:52:21.705285785 PM",
="",6387,,,573,="",="2/3/2026 4:52:22.061821730 PM",
="",6397,,,573,="",="2/3/2026 4:52:22.113628005 PM",
="",6439,,,109,="",="2/3/2026 4:52:22.245137115 PM",
="",6534,,,340,="",="2/3/2026 4:52:22.563472095 PM",
="",6551,,,99,="",="2/3/2026 4:52:22.664035025 PM",
="",6585,,,99,="",="2/3/2026 4:52:22.798963250 PM",
="",6586,,,443,="",="2/3/2026 4:52:22.802295325 PM",
="",6593,,,99,="",="2/3/2026 4:52:22.828931020 PM",
="",6642,,,364,="",="2/3/2026 4:52:22.965797750 PM",
="",6665,,,340,="",="2/3/2026 4:52:23.075473880 PM",
="",6686,,,364,="",="2/3/2026 4:52:23.166960185 PM",
="",6748,,,573,="",="2/3/2026 4:52:23.468836330 PM",
="",6750,,,573,="",="2/3/2026 4:52:23.471294845 PM",
="",6756,,,333,="",="2/3/2026 4:52:23.482353710 PM",
="",6859,,,404,="",="2/3/2026 4:52:23.830270655 PM",
="",6897,,,333,="",="2/3/2026 4:52:23.994361830 PM",
="",6902,,,499,="",="2/3/2026 4:52:24.008061495 PM",
="",6917,,,459,="",="2/3/2026 4:52:24.081284475 PM",
="",6981,,,465,="",="2/3/2026 4:52:24.355790920 PM",
="",7022,,,382,="",="2/3/2026 4:52:24.489977055 PM",
="",7044,,,573,="",="2/3/2026 4:52:24.530251580 PM",
="",7048,,,123,="",="2/3/2026 4:52:24.543581510 PM",
="",7056,,,316,="",="2/3/2026 4:52:24.572494255 PM",
="",7068,,,444,="",="2/3/2026 4:52:24.631845045 PM",
="",7073,,,316,="",="2/3/2026 4:52:24.651162775 PM",
="",7215,,,364,="",="2/3/2026 4:52:25.112643960 PM",
="",7267,,,316,="",="2/3/2026 4:52:25.290053360 PM",
="",7271,,,117,="",="2/3/2026 4:52:25.313584560 PM",
="",7326,,,333,="",="2/3/2026 4:52:25.524919535 PM",
="",7388,,,117,="",="2/3/2026 4:52:25.794906985 PM",
="",7393,,,117,="",="2/3/2026 4:52:25.802647195 PM",
="",7438,,,117,="",="2/3/2026 4:52:25.973137395 PM",
="",7446,,,425,="",="2/3/2026 4:52:25.995818900 PM",
="",7524,,,316,="",="2/3/2026 4:52:26.289447150 PM",
="",7538,,,382,="",="2/3/2026 4:52:26.333198435 PM",
="",7559,,,229,="",="2/3/2026 4:52:26.410235500 PM",
="",7571,,,117,="",="2/3/2026 4:52:26.444805810 PM",
="",7572,,,364,="",="2/3/2026 4:52:26.447425935 PM",
="",7573,,,117,="",="2/3/2026 4:52:26.449104720 PM",
="",7574,,,117,="",="2/3/2026 4:52:26.449277500 PM",
="",7575,,,117,="",="2/3/2026 4:52:26.449399825 PM",
="",7576,,,117,="",="2/3/2026 4:52:26.449520510 PM",
="",7579,,,117,="",="2/3/2026 4:52:26.453581035 PM",
="",7581,,,117,="",="2/3/2026 4:52:26.457776820 PM",
="",7582,,,117,="",="2/3/2026 4:52:26.457888545 PM",
="",7588,,,117,="",="2/3/2026 4:52:26.466861285 PM",
="",7590,,,117,="",="2/3/2026 4:52:26.471236690 PM",
="",7592,,,117,="",="2/3/2026 4:52:26.478483240 PM",
="",7593,,,117,="",="2/3/2026 4:52:26.482083800 PM",
="",7656,,,425,="",="2/3/2026 4:52:26.712617265 PM",
="",7702,,,382,="",="2/3/2026 4:52:26.848838790 PM",
="",7723,,,343,="",="2/3/2026 4:52:26.888424885 PM",
="",7756,,,229,="",="2/3/2026 4:52:27.003905610 PM",
="",7758,,,323,="",="2/3/2026 4:52:27.011785875 PM",
="",7807,,,388,="",="2/3/2026 4:52:27.152764375 PM",
="",7835,,,51,="",="2/3/2026 4:52:27.258450845 PM",
="",7861,,,382,="",="2/3/2026 4:52:27.357202695 PM",
="",7908,,,573,="",="2/3/2026 4:52:27.489849220 PM",
="",7929,,,444,="",="2/3/2026 4:52:27.564499050 PM",
="",7957,,,364,="",="2/3/2026 4:52:27.667277900 PM",
="",7979,,,378,="",="2/3/2026 4:52:27.762240225 PM",
="",8037,,,338,="",="2/3/2026 4:52:27.977307730 PM",
="",8069,,,333,="",="2/3/2026 4:52:28.086566625 PM",
="",8078,,,123,="",="2/3/2026 4:52:28.106985630 PM",
="",8110,,,348,="",="2/3/2026 4:52:28.233280790 PM",
="",8184,,,219,="",="2/3/2026 4:52:28.506993920 PM",
="",8192,,,117,="",="2/3/2026 4:52:28.570590105 PM",
="",8244,,,333,="",="2/3/2026 4:52:28.704800045 PM",
="",8274,,,333,="",="2/3/2026 4:52:28.807225870 PM",
="",8348,,,323,="",="2/3/2026 4:52:29.059332925 PM",
="",8352,,,425,="",="2/3/2026 4:52:29.067875780 PM",
="",8361,,,382,="",="2/3/2026 4:52:29.101659320 PM",
="",8380,,,425,="",="2/3/2026 4:52:29.170233155 PM",
="",8403,,,465,="",="2/3/2026 4:52:29.271052010 PM",
="",8417,,,340,="",="2/3/2026 4:52:29.331036645 PM",
="",8478,,,382,="",="2/3/2026 4:52:29.613667730 PM",
="",8546,,,105,="",="2/3/2026 4:52:29.924660310 PM",
="",8554,,,425,="",="2/3/2026 4:52:29.988394535 PM",
="",8570,,,341,="",="2/3/2026 4:52:30.022482245 PM",
="",8613,,,491,="",="2/3/2026 4:52:30.217471005 PM",
="",8724,,,121,="",="2/3/2026 4:52:30.646877635 PM",
="",8726,,,117,="",="2/3/2026 4:52:30.647225755 PM",
="",8728,,,105,="",="2/3/2026 4:52:30.649315365 PM",
="",8730,,,117,="",="2/3/2026 4:52:30.649752245 PM",
="",8746,,,323,="",="2/3/2026 4:52:30.697863145 PM",
="",8766,,,499,="",="2/3/2026 4:52:30.798334450 PM",
="",8771,,,125,="",="2/3/2026 4:52:30.814866080 PM",
="",8779,,,397,="",="2/3/2026 4:52:30.837299340 PM",
="",8815,,,121,="",="2/3/2026 4:52:31.049914565 PM",
="",8818,,,99,="",="2/3/2026 4:52:31.054951075 PM",
="",8852,,,532,="",="2/3/2026 4:52:31.208031695 PM",
="",8861,,,341,="",="2/3/2026 4:52:31.245261530 PM",
="",8869,,,99,="",="2/3/2026 4:52:31.277224700 PM",
="",8871,,,229,="",="2/3/2026 4:52:31.317089865 PM",
="",8891,,,472,="",="2/3/2026 4:52:31.418999185 PM",
="",9056,,,3066,="",="2/3/2026 4:52:32.257445960 PM",
="",9077,,,443,="",="2/3/2026 4:52:32.325511280 PM",
="",9157,,,315,="",="2/3/2026 4:52:32.678536865 PM",
="",9224,,,340,="",="2/3/2026 4:52:32.906004500 PM",
="",9227,,,340,="",="2/3/2026 4:52:32.911431630 PM",
="",9234,,,229,="",="2/3/2026 4:52:32.950299400 PM",
="",9239,,,378,="",="2/3/2026 4:52:32.983825580 PM",
="",9393,,,443,="",="2/3/2026 4:52:33.554312795 PM",
="",9421,,,113,="",="2/3/2026 4:52:33.626989110 PM",
="",9646,,,364,="",="2/3/2026 4:52:34.425640570 PM",
="",9789,,,316,="",="2/3/2026 4:52:34.914941695 PM",
="",9801,,,382,="",="2/3/2026 4:52:34.938503195 PM",
="",9917,,,286,="",="2/3/2026 4:52:35.455024605 PM",
="",10017,,,229,="",="2/3/2026 4:52:35.968136020 PM",
="",10124,,,397,="",="2/3/2026 4:52:36.571718080 PM",
="",10153,,,340,="",="2/3/2026 4:52:36.741183445 PM",
="",10189,,,323,="",="2/3/2026 4:52:36.944823915 PM",
="",10271,,,229,="",="2/3/2026 4:52:37.339317040 PM",
="",10273,,,229,="",="2/3/2026 4:52:37.339618545 PM",
="",10286,,,113,="",="2/3/2026 4:52:37.362575115 PM",
="",10293,,,315,="",="2/3/2026 4:52:37.388195570 PM",
="",10335,,,117,="",="2/3/2026 4:52:37.536220925 PM",
="",10341,,,105,="",="2/3/2026 4:52:37.557642660 PM",
="",10344,,,117,="",="2/3/2026 4:52:37.561422970 PM",
="",10379,,,427,="",="2/3/2026 4:52:37.697093505 PM",
="",10388,,,340,="",="2/3/2026 4:52:37.727909605 PM",
="",10425,,,340,="",="2/3/2026 4:52:37.821267275 PM",
="",10448,,,117,="",="2/3/2026 4:52:37.912772620 PM",
="",10454,,,340,="",="2/3/2026 4:52:37.929084125 PM",
="",10471,,,397,="",="2/3/2026 4:52:38.005339655 PM",
="",10476,,,364,="",="2/3/2026 4:52:38.009817415 PM",
="",10503,,,425,="",="2/3/2026 4:52:38.109276370 PM",
="",10528,,,424,="",="2/3/2026 4:52:38.209388200 PM",
="",10531,,,382,="",="2/3/2026 4:52:38.211711545 PM",
="",10536,,,338,="",="2/3/2026 4:52:38.217335985 PM",
="",10541,,,333,="",="2/3/2026 4:52:38.222678895 PM",
="",10543,,,340,="",="2/3/2026 4:52:38.231170440 PM",
="",10551,,,444,="",="2/3/2026 4:52:38.284152810 PM",
="",10561,,,424,="",="2/3/2026 4:52:38.311791315 PM",
="",10580,,,229,="",="2/3/2026 4:52:38.385064285 PM",
="",10587,,,471,="",="2/3/2026 4:52:38.418662845 PM",
="",10591,,,364,="",="2/3/2026 4:52:38.428323010 PM",
="",10599,,,373,="",="2/3/2026 4:52:38.467488920 PM",
="",10602,,,366,="",="2/3/2026 4:52:38.475167650 PM",
="",10611,,,316,="",="2/3/2026 4:52:38.498935495 PM",
="",10640,,,378,="",="2/3/2026 4:52:38.615898060 PM",
="",10647,,,382,="",="2/3/2026 4:52:38.624940300 PM",
="",10667,,,248,="",="2/3/2026 4:52:38.732005710 PM",
="",10721,,,229,="",="2/3/2026 4:52:38.909674745 PM",
="",10731,,,333,="",="2/3/2026 4:52:38.944899695 PM",
="",10801,,,397,="",="2/3/2026 4:52:39.234198105 PM",
="",10804,,,113,="",="2/3/2026 4:52:39.246689710 PM",
="",10816,,,125,="",="2/3/2026 4:52:39.307911395 PM",
="",10819,,,499,="",="2/3/2026 4:52:39.311791440 PM",
="",10929,,,340,="",="2/3/2026 4:52:39.772298830 PM",
="",10936,,,376,="",="2/3/2026 4:52:39.800381900 PM",
="",10937,,,117,="",="2/3/2026 4:52:39.804005070 PM",
="",10950,,,99,="",="2/3/2026 4:52:39.833891465 PM",
="",10954,,,229,="",="2/3/2026 4:52:39.836019230 PM",
="",10955,,,99,="",="2/3/2026 4:52:39.836139930 PM",
="",10969,,,117,="",="2/3/2026 4:52:39.865210525 PM",
="",10973,,,113,="",="2/3/2026 4:52:39.868961195 PM",
="",10976,,,339,="",="2/3/2026 4:52:39.871432240 PM",
="",10979,,,229,="",="2/3/2026 4:52:39.883984420 PM",
="",11005,,,364,="",="2/3/2026 4:52:39.959807200 PM",
="",11059,,,413,="",="2/3/2026 4:52:40.151792375 PM",
="",11064,,,424,="",="2/3/2026 4:52:40.154998705 PM",
="",11065,,,397,="",="2/3/2026 4:52:40.155774225 PM",
="",11072,,,339,="",="2/3/2026 4:52:40.178644845 PM",
="",11102,,,373,="",="2/3/2026 4:52:40.312485530 PM",
="",11109,,,421,="",="2/3/2026 4:52:40.355750910 PM",
="",11110,,,413,="",="2/3/2026 4:52:40.356534015 PM",
="",11115,,,424,="",="2/3/2026 4:52:40.359812230 PM",
="",11116,,,397,="",="2/3/2026 4:52:40.360581055 PM",
="",11117,,,382,="",="2/3/2026 4:52:40.362125455 PM",
="",11132,,,376,="",="2/3/2026 4:52:40.414782810 PM",
="",11162,,,480,="",="2/3/2026 4:52:40.545393785 PM",
="",11170,,,427,="",="2/3/2026 4:52:40.570954900 PM",
="",11187,,,413,="",="2/3/2026 4:52:40.663794725 PM",
="",11188,,,400,="",="2/3/2026 4:52:40.664543885 PM",
="",11207,,,323,="",="2/3/2026 4:52:40.695654150 PM",
="",11240,,,117,="",="2/3/2026 4:52:40.805795645 PM",
="",11250,,,117,="",="2/3/2026 4:52:40.820589810 PM",
="",11255,,,323,="",="2/3/2026 4:52:40.835411910 PM",
="",11333,,,323,="",="2/3/2026 4:52:41.143326625 PM",
="",11334,,,323,="",="2/3/2026 4:52:41.146208170 PM",
="",11390,,,397,="",="2/3/2026 4:52:41.384716225 PM",
="",11401,,,323,="",="2/3/2026 4:52:41.459079220 PM",
="",11409,,,397,="",="2/3/2026 4:52:41.486976210 PM",
="",11493,,,532,="",="2/3/2026 4:52:41.792915265 PM",
="",11497,,,338,="",="2/3/2026 4:52:41.801347135 PM",
="",11516,,,229,="",="2/3/2026 4:52:41.931030570 PM",
="",11566,,,397,="",="2/3/2026 4:52:42.203792985 PM",
="",11572,,,333,="",="2/3/2026 4:52:42.225348705 PM",
="",11644,,,602,="",="2/3/2026 4:52:42.592617835 PM",
="",11651,,,117,="",="2/3/2026 4:52:42.616501015 PM",
="",11666,,,322,="",="2/3/2026 4:52:42.669755405 PM",
="",11676,,,413,="",="2/3/2026 4:52:42.711771385 PM",
="",11718,,,413,="",="2/3/2026 4:52:42.916579320 PM",
="",11745,,,421,="",="2/3/2026 4:52:43.018172275 PM",
="",11746,,,413,="",="2/3/2026 4:52:43.019001715 PM",
="",11747,,,400,="",="2/3/2026 4:52:43.019787850 PM",
="",11771,,,397,="",="2/3/2026 4:52:43.125406775 PM",
="",11856,,,413,="",="2/3/2026 4:52:43.530968920 PM",
="",11868,,,340,="",="2/3/2026 4:52:43.564756985 PM",
="",11898,,,376,="",="2/3/2026 4:52:43.691564535 PM",
="",11907,,,413,="",="2/3/2026 4:52:43.735788640 PM",
="",11974,,,229,="",="2/3/2026 4:52:44.056444160 PM",
="",11986,,,365,="",="2/3/2026 4:52:44.112155695 PM",
="",12014,,,117,="",="2/3/2026 4:52:44.228197335 PM",
="",12017,,,99,="",="2/3/2026 4:52:44.251457965 PM",
="",12038,,,413,="",="2/3/2026 4:52:44.350193540 PM",
="",12046,,,376,="",="2/3/2026 4:52:44.408428375 PM",
="",12062,,,315,="",="2/3/2026 4:52:44.460450550 PM",
="",12067,,,125,="",="2/3/2026 4:52:44.500157975 PM",
="",12086,,,413,="",="2/3/2026 4:52:44.554987635 PM",
="",12091,,,424,="",="2/3/2026 4:52:44.558257995 PM",
="",12092,,,397,="",="2/3/2026 4:52:44.559024075 PM",
="",12093,,,421,="",="2/3/2026 4:52:44.575815120 PM",
="",12094,,,421,="",="2/3/2026 4:52:44.576424305 PM",
="",12095,,,418,="",="2/3/2026 4:52:44.578217985 PM",
="",12164,,,117,="",="2/3/2026 4:52:44.939678435 PM",
="",12165,,,117,="",="2/3/2026 4:52:44.939843895 PM",
="",12173,,,99,="",="2/3/2026 4:52:44.947748285 PM",
="",12188,,,449,="",="2/3/2026 4:52:45.011667015 PM",
="",12200,,,421,="",="2/3/2026 4:52:45.066185020 PM",
="",12206,,,177,="",="2/3/2026 4:52:45.074029380 PM",
="",12269,,,99,="",="2/3/2026 4:52:45.402821600 PM",
="",12291,,,99,="",="2/3/2026 4:52:45.502816585 PM",
="",12296,,,449,="",="2/3/2026 4:52:45.542885925 PM",
="",12317,,,342,="",="2/3/2026 4:52:45.657254885 PM",
="",12322,,,421,="",="2/3/2026 4:52:45.680592080 PM",
="",12330,,,397,="",="2/3/2026 4:52:45.685419545 PM",
="",12409,,,421,="",="2/3/2026 4:52:46.090192795 PM",
="",12411,,,400,="",="2/3/2026 4:52:46.091775995 PM",
="",12416,,,424,="",="2/3/2026 4:52:46.094278355 PM",
="",12446,,,413,="",="2/3/2026 4:52:46.295801010 PM",
="",12451,,,424,="",="2/3/2026 4:52:46.299070305 PM",
="",12452,,,397,="",="2/3/2026 4:52:46.299840010 PM",
="",12471,,,413,="",="2/3/2026 4:52:46.398277125 PM",
="",12491,,,413,="",="2/3/2026 4:52:46.500601880 PM",
="",12496,,,341,="",="2/3/2026 4:52:46.502952770 PM",
="",12498,,,229,="",="2/3/2026 4:52:46.503412630 PM",
="",12522,,,341,="",="2/3/2026 4:52:46.605370055 PM",
="",12551,,,324,="",="2/3/2026 4:52:46.779518750 PM",
="",12632,,,229,="",="2/3/2026 4:52:47.128421125 PM",
="",12669,,,365,="",="2/3/2026 4:52:47.286618095 PM",
="",12673,,,400,="",="2/3/2026 4:52:47.320590255 PM",
="",12686,,,435,="",="2/3/2026 4:52:47.355676215 PM",
="",12687,,,397,="",="2/3/2026 4:52:47.358049380 PM",
="",12710,,,435,="",="2/3/2026 4:52:47.458027970 PM",
="",12749,,,397,="",="2/3/2026 4:52:47.665158030 PM",
="",12801,,,435,="",="2/3/2026 4:52:47.969158145 PM",
="",12829,,,434,="",="2/3/2026 4:52:48.073959960 PM",
="",12848,,,435,="",="2/3/2026 4:52:48.174836425 PM",
="",12849,,,434,="",="2/3/2026 4:52:48.175613275 PM",
="",12861,,,400,="",="2/3/2026 4:52:48.242308155 PM",
="",12867,,,434,="",="2/3/2026 4:52:48.278774105 PM",
="",12871,,,421,="",="2/3/2026 4:52:48.286956340 PM",
="",12879,,,369,="",="2/3/2026 4:52:48.308123115 PM",
="",12897,,,435,="",="2/3/2026 4:52:48.379602395 PM",
="",12904,,,400,="",="2/3/2026 4:52:48.390939815 PM",
="",12920,,,424,="",="2/3/2026 4:52:48.449498550 PM",
="",12926,,,435,="",="2/3/2026 4:52:48.482662880 PM",
="",12930,,,400,="",="2/3/2026 4:52:48.493324620 PM",
="",12949,,,435,="",="2/3/2026 4:52:48.583647220 PM",
="",12960,,,229,="",="2/3/2026 4:52:48.615959615 PM",
="",12986,,,400,="",="2/3/2026 4:52:48.754264670 PM",
="",13030,,,400,="",="2/3/2026 4:52:48.959057100 PM",
="",13065,,,323,="",="2/3/2026 4:52:49.094405865 PM",
="",13105,,,435,="",="2/3/2026 4:52:49.198001960 PM",
="",13106,,,435,="",="2/3/2026 4:52:49.199048070 PM",
="",13107,,,428,="",="2/3/2026 4:52:49.199559300 PM",
="",13108,,,434,="",="2/3/2026 4:52:49.200056955 PM",
="",13109,,,428,="",="2/3/2026 4:52:49.200603330 PM",
="",13114,,,413,="",="2/3/2026 4:52:49.209345170 PM",
="",13127,,,400,="",="2/3/2026 4:52:49.266351480 PM",
="",13134,,,328,="",="2/3/2026 4:52:49.307762600 PM",
="",13145,,,400,="",="2/3/2026 4:52:49.368600405 PM",
="",13182,,,435,="",="2/3/2026 4:52:49.505186185 PM",
="",13221,,,400,="",="2/3/2026 4:52:49.619782930 PM",
="",13239,,,400,="",="2/3/2026 4:52:49.675777275 PM",
="",13256,,,183,="",="2/3/2026 4:52:49.746494550 PM",
="",13307,,,303,="",="2/3/2026 4:52:49.970326695 PM",
="",13362,,,421,="",="2/3/2026 4:52:50.186224690 PM",
="",13364,,,413,="",="2/3/2026 4:52:50.187047450 PM",
="",13409,,,421,="",="2/3/2026 4:52:50.391026145 PM",
="",13414,,,307,="",="2/3/2026 4:52:50.405029820 PM",
="",13428,,,413,="",="2/3/2026 4:52:50.494236690 PM",
="",13438,,,466,="",="2/3/2026 4:52:50.519165945 PM",
="",13440,,,421,="",="2/3/2026 4:52:50.539781455 PM",
="",13451,,,315,="",="2/3/2026 4:52:50.597863970 PM",
="",13467,,,413,="",="2/3/2026 4:52:50.642963265 PM",
="",13470,,,229,="",="2/3/2026 4:52:50.659794830 PM",
="",13508,,,413,="",="2/3/2026 4:52:50.801485975 PM",
="",13556,,,421,="",="2/3/2026 4:52:51.005431145 PM",
="",13560,,,341,="",="2/3/2026 4:52:51.008603570 PM",
="",13569,,,367,="",="2/3/2026 4:52:51.031536435 PM",
="",13606,,,428,="",="2/3/2026 4:52:51.259289040 PM",
="",13607,,,428,="",="2/3/2026 4:52:51.261510570 PM",
="",13634,,,429,="",="2/3/2026 4:52:51.408388695 PM",
="",13645,,,415,="",="2/3/2026 4:52:51.421487275 PM",
="",13647,,,428,="",="2/3/2026 4:52:51.428158760 PM",
="",13651,,,226,="",="2/3/2026 4:52:51.432370010 PM",
="",13652,,,179,="",="2/3/2026 4:52:51.433656255 PM",
="",13701,,,229,="",="2/3/2026 4:52:51.631376960 PM",
="",13787,,,315,="",="2/3/2026 4:52:52.032192450 PM",
="",13806,,,303,="",="2/3/2026 4:52:52.120726290 PM",
="",13833,,,435,="",="2/3/2026 4:52:52.270158510 PM",
="",13846,,,429,="",="2/3/2026 4:52:52.293064635 PM",
="",13850,,,415,="",="2/3/2026 4:52:52.324472225 PM",
="",13861,,,309,="",="2/3/2026 4:52:52.365207930 PM",
="",13876,,,468,="",="2/3/2026 4:52:52.431920385 PM",
="",13877,,,471,="",="2/3/2026 4:52:52.444232395 PM",
="",13900,,,421,="",="2/3/2026 4:52:52.541443495 PM",
="",13908,,,323,="",="2/3/2026 4:52:52.572852615 PM",
="",13914,,,435,="",="2/3/2026 4:52:52.579652480 PM",
="",13922,,,229,="",="2/3/2026 4:52:52.625399705 PM",
="",13939,,,434,="",="2/3/2026 4:52:52.681385090 PM",
="",13958,,,468,="",="2/3/2026 4:52:52.848497405 PM",
="",13979,,,340,="",="2/3/2026 4:52:52.936339830 PM",
="",13985,,,400,="",="2/3/2026 4:52:52.952627445 PM",
="",14025,,,468,="",="2/3/2026 4:52:53.148500215 PM",
="",14057,,,421,="",="2/3/2026 4:52:53.258248290 PM",
="",14058,,,413,="",="2/3/2026 4:52:53.259107585 PM",
="",14077,,,421,="",="2/3/2026 4:52:53.360649470 PM",
="",14078,,,413,="",="2/3/2026 4:52:53.361446775 PM",
="",14101,,,400,="",="2/3/2026 4:52:53.464669825 PM",
="",14119,,,376,="",="2/3/2026 4:52:53.522091485 PM",
="",14120,,,117,="",="2/3/2026 4:52:53.524686825 PM",
="",14121,,,117,="",="2/3/2026 4:52:53.525171845 PM",
="",14122,,,229,="",="2/3/2026 4:52:53.525329210 PM",
="",14127,,,375,="",="2/3/2026 4:52:53.552193060 PM",
="",14133,,,429,="",="2/3/2026 4:52:53.565170145 PM",
="",14135,,,400,="",="2/3/2026 4:52:53.567029270 PM",
="",14141,,,340,="",="2/3/2026 4:52:53.576775375 PM",
="",14188,,,117,="",="2/3/2026 4:52:53.784851175 PM",
="",14189,,,99,="",="2/3/2026 4:52:53.791749310 PM",
="",14190,,,99,="",="2/3/2026 4:52:53.792750070 PM",
="",14191,,,367,="",="2/3/2026 4:52:53.796357080 PM",
="",14202,,,117,="",="2/3/2026 4:52:53.854807905 PM",
="",14203,,,99,="",="2/3/2026 4:52:53.855509735 PM",
="",14210,,,421,="",="2/3/2026 4:52:53.874545775 PM",
="",14218,,,367,="",="2/3/2026 4:52:53.899447895 PM",
="",14235,,,471,="",="2/3/2026 4:52:53.980017935 PM",
="",14247,,,316,="",="2/3/2026 4:52:54.027469880 PM",
="",14270,,,429,="",="2/3/2026 4:52:54.153770105 PM",
="",14285,,,429,="",="2/3/2026 4:52:54.170743640 PM",
="",14300,,,428,="",="2/3/2026 4:52:54.182640965 PM",
="",14303,,,425,="",="2/3/2026 4:52:54.185317330 PM",
="",14308,,,297,="",="2/3/2026 4:52:54.229199360 PM",
="",14310,,,303,="",="2/3/2026 4:52:54.264778405 PM",
="",14311,,,303,="",="2/3/2026 4:52:54.270815305 PM",
="",14327,,,191,="",="2/3/2026 4:52:54.332243515 PM",
="",14341,,,413,="",="2/3/2026 4:52:54.385473560 PM",
="",14404,,,425,="",="2/3/2026 4:52:54.603709090 PM",
="",14422,,,421,="",="2/3/2026 4:52:54.691859670 PM",
="",14472,,,428,="",="2/3/2026 4:52:54.853011855 PM",
="",14484,,,117,="",="2/3/2026 4:52:54.893629025 PM",
="",14487,,,413,="",="2/3/2026 4:52:54.897463825 PM",
="",14499,,,340,="",="2/3/2026 4:52:54.907980265 PM",
="",14534,,,434,="",="2/3/2026 4:52:55.036488760 PM",
="",14535,,,434,="",="2/3/2026 4:52:55.037338980 PM",
="",14536,,,397,="",="2/3/2026 4:52:55.038109255 PM",
="",14543,,,218,="",="2/3/2026 4:52:55.083127105 PM",
="",14544,,,218,="",="2/3/2026 4:52:55.083344700 PM",
="",14545,,,218,="",="2/3/2026 4:52:55.083562310 PM",
="",14554,,,413,="",="2/3/2026 4:52:55.102329285 PM",
="",14555,,,400,="",="2/3/2026 4:52:55.103086965 PM",
="",14586,,,413,="",="2/3/2026 4:52:55.204703165 PM",
="",14592,,,340,="",="2/3/2026 4:52:55.215181805 PM",
="",14593,,,429,="",="2/3/2026 4:52:55.216164915 PM",
="",14595,,,428,="",="2/3/2026 4:52:55.218700030 PM",
="",14604,,,117,="",="2/3/2026 4:52:55.243006275 PM",
="",14626,,,117,="",="2/3/2026 4:52:55.308304305 PM",
="",14642,,,117,="",="2/3/2026 4:52:55.380316855 PM",
="",14646,,,468,="",="2/3/2026 4:52:55.401336020 PM",
="",14654,,,400,="",="2/3/2026 4:52:55.410208420 PM",
="",14659,,,340,="",="2/3/2026 4:52:55.419984700 PM",
="",14695,,,397,="",="2/3/2026 4:52:55.550065360 PM",
="",14696,,,117,="",="2/3/2026 4:52:55.552933590 PM",
="",14705,,,99,="",="2/3/2026 4:52:55.596693535 PM",
="",14725,,,217,="",="2/3/2026 4:52:55.663091185 PM",
="",14752,,,390,="",="2/3/2026 4:52:55.750956025 PM",
="",14772,,,303,="",="2/3/2026 4:52:55.819851610 PM",
="",14777,,,229,="",="2/3/2026 4:52:55.833087560 PM",
="",14785,,,243,="",="2/3/2026 4:52:55.867957155 PM",
="",14793,,,229,="",="2/3/2026 4:52:55.909265125 PM",
="",14814,,,218,="",="2/3/2026 4:52:55.989136745 PM",
="",14815,,,218,="",="2/3/2026 4:52:55.989343140 PM",
="",14816,,,218,="",="2/3/2026 4:52:55.989486585 PM",
="",14820,,,117,="",="2/3/2026 4:52:55.990705120 PM",
="",14832,,,425,="",="2/3/2026 4:52:56.016830340 PM",
="",14835,,,215,="",="2/3/2026 4:52:56.018482235 PM",
="",14845,,,231,="",="2/3/2026 4:52:56.046625695 PM",
="",14871,,,413,="",="2/3/2026 4:52:56.126299055 PM",
="",14910,,,397,="",="2/3/2026 4:52:56.266964385 PM",
="",14912,,,369,="",="2/3/2026 4:52:56.288031315 PM",
="",14929,,,303,="",="2/3/2026 4:52:56.331858015 PM",
="",14934,,,229,="",="2/3/2026 4:52:56.348159810 PM",
="",14941,,,434,="",="2/3/2026 4:52:56.367692520 PM",
="",14942,,,434,="",="2/3/2026 4:52:56.368473500 PM",
="",14943,,,397,="",="2/3/2026 4:52:56.369264440 PM",
="",14946,,,191,="",="2/3/2026 4:52:56.376797480 PM",
="",14949,,,398,="",="2/3/2026 4:52:56.387137260 PM",
="",14950,,,398,="",="2/3/2026 4:52:56.387355975 PM",
="",14951,,,229,="",="2/3/2026 4:52:56.387568610 PM",
="",14954,,,117,="",="2/3/2026 4:52:56.391924975 PM",
="",14984,,,367,="",="2/3/2026 4:52:56.507820340 PM",
="",14994,,,117,="",="2/3/2026 4:52:56.540659650 PM",
="",14995,,,99,="",="2/3/2026 4:52:56.540775930 PM",
="",15004,,,435,="",="2/3/2026 4:52:56.571734260 PM",
="",15005,,,434,="",="2/3/2026 4:52:56.572506390 PM",
="",15006,,,434,="",="2/3/2026 4:52:56.573338265 PM",
="",15011,,,383,="",="2/3/2026 4:52:56.587998670 PM",
="",15027,,,468,="",="2/3/2026 4:52:56.632333255 PM",
="",15038,,,229,="",="2/3/2026 4:52:56.647178825 PM",
="",15040,,,381,="",="2/3/2026 4:52:56.647545760 PM",
="",15041,,,229,="",="2/3/2026 4:52:56.647767035 PM",
="",15046,,,121,="",="2/3/2026 4:52:56.673433975 PM",
="",15064,,,471,="",="2/3/2026 4:52:56.744957160 PM",
="",15065,,,425,="",="2/3/2026 4:52:56.746309815 PM",
="",15092,,,229,="",="2/3/2026 4:52:56.828004010 PM",
="",15126,,,216,="",="2/3/2026 4:52:56.910418400 PM",
="",15134,,,333,="",="2/3/2026 4:52:56.921801520 PM",
="",15150,,,229,="",="2/3/2026 4:52:56.983841255 PM",
="",15167,,,468,="",="2/3/2026 4:52:57.044150220 PM",
="",15177,,,385,="",="2/3/2026 4:52:57.067565160 PM",
="",15178,,,229,="",="2/3/2026 4:52:57.067763915 PM",
="",15179,,,385,="",="2/3/2026 4:52:57.067980310 PM",
="",15183,,,435,="",="2/3/2026 4:52:57.082909815 PM",
="",15186,,,434,="",="2/3/2026 4:52:57.085341680 PM",
="",15187,,,397,="",="2/3/2026 4:52:57.086131900 PM",
="",15235,,,229,="",="2/3/2026 4:52:57.249899080 PM",
="",15245,,,382,="",="2/3/2026 4:52:57.287651810 PM",
="",15289,,,370,="",="2/3/2026 4:52:57.428081980 PM",
="",15290,,,229,="",="2/3/2026 4:52:57.428343765 PM",
="",15301,,,229,="",="2/3/2026 4:52:57.467346460 PM",
="",15309,,,70,="",="2/3/2026 4:52:57.505000970 PM",
="",15332,,,229,="",="2/3/2026 4:52:57.589346720 PM",
="",15358,,,222,="",="2/3/2026 4:52:57.696666120 PM",
="",15430,,,487,="",="2/3/2026 4:52:57.934529090 PM",
="",15434,,,487,="",="2/3/2026 4:52:57.939451065 PM",
="",15445,,,229,="",="2/3/2026 4:52:57.967570405 PM",
="",15448,,,471,="",="2/3/2026 4:52:57.973315195 PM",
="",15456,,,104,="",="2/3/2026 4:52:57.998052220 PM",
="",15502,,,435,="",="2/3/2026 4:52:58.106927160 PM",
="",15522,,,411,="",="2/3/2026 4:52:58.156247495 PM",
="",15523,,,440,="",="2/3/2026 4:52:58.156506425 PM",
="",15527,,,383,="",="2/3/2026 4:52:58.170753110 PM",
="",15558,,,229,="",="2/3/2026 4:52:58.263299630 PM",
="",15559,,,229,="",="2/3/2026 4:52:58.263514800 PM",
="",15571,,,229,="",="2/3/2026 4:52:58.284933800 PM",
="",15572,,,229,="",="2/3/2026 4:52:58.285022975 PM",
="",15573,,,117,="",="2/3/2026 4:52:58.285080215 PM",
="",15649,,,117,="",="2/3/2026 4:52:58.451113685 PM",
="",15652,,,333,="",="2/3/2026 4:52:58.457798780 PM",
="",15672,,,435,="",="2/3/2026 4:52:58.517407850 PM",
="",15693,,,117,="",="2/3/2026 4:52:58.553717360 PM",
="",15732,,,229,="",="2/3/2026 4:52:58.655931470 PM",
="",15733,,,117,="",="2/3/2026 4:52:58.656023910 PM",
="",15746,,,340,="",="2/3/2026 4:52:58.670823435 PM",
="",15771,,,229,="",="2/3/2026 4:52:58.772955385 PM",
="",15772,,,229,="",="2/3/2026 4:52:58.773035700 PM",
="",15773,,,117,="",="2/3/2026 4:52:58.773092935 PM",
="",15782,,,229,="",="2/3/2026 4:52:58.777897740 PM",
="",15805,,,434,="",="2/3/2026 4:52:58.825364095 PM",
="",15873,,,229,="",="2/3/2026 4:52:58.961642915 PM",
="",15874,,,117,="",="2/3/2026 4:52:58.961742355 PM",
="",15905,,,229,="",="2/3/2026 4:52:59.028361280 PM",
="",15918,,,113,="",="2/3/2026 4:52:59.057742950 PM",
="",15939,,,340,="",="2/3/2026 4:52:59.080397330 PM",
="",15979,,,229,="",="2/3/2026 4:52:59.168042895 PM",
="",15980,,,117,="",="2/3/2026 4:52:59.168091765 PM",
="",15983,,,340,="",="2/3/2026 4:52:59.182799800 PM",
="",16063,,,113,="",="2/3/2026 4:52:59.372355535 PM",
="",16115,,,117,="",="2/3/2026 4:52:59.475264450 PM",
="",16143,,,117,="",="2/3/2026 4:52:59.504143680 PM",
="",16160,,,99,="",="2/3/2026 4:52:59.521263095 PM",
="",16177,,,497,="",="2/3/2026 4:52:59.580977585 PM",
="",16178,,,117,="",="2/3/2026 4:52:59.581071670 PM",
="",16189,,,440,="",="2/3/2026 4:52:59.590110965 PM",
="",16205,,,117,="",="2/3/2026 4:52:59.611069980 PM",
="",16245,,,309,="",="2/3/2026 4:52:59.634144550 PM",
="",16250,,,229,="",="2/3/2026 4:52:59.644996735 PM",
="",16252,,,229,="",="2/3/2026 4:52:59.645323135 PM",
="",16324,,,411,="",="2/3/2026 4:52:59.692252250 PM",
="",16325,,,440,="",="2/3/2026 4:52:59.692511660 PM",
="",16345,,,117,="",="2/3/2026 4:52:59.701790355 PM",
="",16406,,,367,="",="2/3/2026 4:52:59.735601305 PM",
="",16407,,,229,="",="2/3/2026 4:52:59.746178470 PM",
="",16408,,,281,="",="2/3/2026 4:52:59.747776130 PM",
="",16409,,,229,="",="2/3/2026 4:52:59.747943310 PM",
="",16410,,,281,="",="2/3/2026 4:52:59.748110090 PM",
="",16415,,,221,="",="2/3/2026 4:52:59.761854785 PM",
="",16424,,,121,="",="2/3/2026 4:52:59.762937290 PM",
="",16446,,,117,="",="2/3/2026 4:52:59.782406325 PM",
="",16460,,,227,="",="2/3/2026 4:52:59.786146350 PM",
="",16463,,,227,="",="2/3/2026 4:52:59.787605290 PM",
="",16464,,,227,="",="2/3/2026 4:52:59.788221635 PM",
="",16493,,,117,="",="2/3/2026 4:52:59.809938840 PM",
="",16505,,,117,="",="2/3/2026 4:52:59.825742510 PM",
="",16513,,,215,="",="2/3/2026 4:52:59.829280610 PM",
="",16520,,,229,="",="2/3/2026 4:52:59.841911215 PM",
="",16532,,,397,="",="2/3/2026 4:52:59.850988285 PM",
="",16553,,,99,="",="2/3/2026 4:52:59.869952245 PM",
="",16573,,,229,="",="2/3/2026 4:52:59.886454830 PM",
="",16574,,,229,="",="2/3/2026 4:52:59.886633490 PM",
="",16591,,,229,="",="2/3/2026 4:52:59.907980300 PM",
="",16597,,,229,="",="2/3/2026 4:52:59.910398290 PM",
="",16601,,,215,="",="2/3/2026 4:52:59.912986000 PM",
="",16605,,,117,="",="2/3/2026 4:52:59.913864680 PM",
="",16608,,,117,="",="2/3/2026 4:52:59.914609310 PM",
="",16633,,,229,="",="2/3/2026 4:52:59.945363860 PM",
="",16636,,,113,="",="2/3/2026 4:52:59.947437585 PM",
="",16642,,,117,="",="2/3/2026 4:52:59.948423215 PM",
="",16649,,,397,="",="2/3/2026 4:52:59.953355105 PM",
="",16666,,,229,="",="2/3/2026 4:52:59.987239940 PM",
="",16672,,,323,="",="2/3/2026 4:52:59.990047485 PM",
="",16685,,,219,="",="2/3/2026 4:53:00.008153795 PM",
="",16705,,,215,="",="2/3/2026 4:53:00.031880535 PM",
="",16708,,,229,="",="2/3/2026 4:53:00.045558600 PM",
="",16727,,,440,="",="2/3/2026 4:53:00.076991355 PM",
="",16735,,,425,="",="2/3/2026 4:53:00.101587535 PM",
="",16736,,,411,="",="2/3/2026 4:53:00.101853800 PM",
="",16750,,,117,="",="2/3/2026 4:53:00.143077505 PM",
="",16753,,,397,="",="2/3/2026 4:53:00.158176140 PM",
="",16762,,,458,="",="2/3/2026 4:53:00.184060900 PM",
="",16765,,,229,="",="2/3/2026 4:53:00.187192375 PM",
="",16766,,,229,="",="2/3/2026 4:53:00.187270520 PM",
="",16773,,,117,="",="2/3/2026 4:53:00.192031305 PM",
="",16783,,,229,="",="2/3/2026 4:53:00.213070480 PM",
="",16792,,,229,="",="2/3/2026 4:53:00.228227885 PM",
="",16812,,,117,="",="2/3/2026 4:53:00.274786390 PM",
="",16816,,,411,="",="2/3/2026 4:53:00.281557520 PM",
="",16818,,,458,="",="2/3/2026 4:53:00.286448380 PM",
="",16823,,,229,="",="2/3/2026 4:53:00.302738780 PM",
="",16825,,,217,="",="2/3/2026 4:53:00.302909350 PM",
="",16842,,,425,="",="2/3/2026 4:53:00.330110260 PM",
="",16854,,,435,="",="2/3/2026 4:53:00.359803345 PM",
="",16855,,,219,="",="2/3/2026 4:53:00.368577350 PM",
="",16884,,,117,="",="2/3/2026 4:53:00.404153895 PM",
="",16894,,,229,="",="2/3/2026 4:53:00.427863315 PM",
="",16895,,,368,="",="2/3/2026 4:53:00.428088030 PM",
="",16919,,,229,="",="2/3/2026 4:53:00.488000705 PM",
="",16929,,,474,="",="2/3/2026 4:53:00.501154860 PM",
="",16931,,,474,="",="2/3/2026 4:53:00.503641335 PM",
="",16932,,,474,="",="2/3/2026 4:53:00.504244280 PM",
="",16939,,,191,="",="2/3/2026 4:53:00.510539555 PM",
="",16946,,,229,="",="2/3/2026 4:53:00.527321495 PM",
="",16947,,,229,="",="2/3/2026 4:53:00.527592560 PM",
="",16978,,,100,="",="2/3/2026 4:53:00.631202595 PM",
="",16991,,,378,="",="2/3/2026 4:53:00.648900380 PM",
="",16998,,,99,="",="2/3/2026 4:53:00.666656195 PM",
="",17003,,,117,="",="2/3/2026 4:53:00.672712365 PM",
="",17009,,,313,="",="2/3/2026 4:53:00.708955250 PM",
="",17011,,,229,="",="2/3/2026 4:53:00.710109065 PM",
="",17029,,,333,="",="2/3/2026 4:53:00.736643670 PM",
="",17035,,,229,="",="2/3/2026 4:53:00.755057990 PM",
="",17040,,,434,="",="2/3/2026 4:53:00.771013705 PM",
="",17041,,,229,="",="2/3/2026 4:53:00.782706465 PM",
="",17046,,,109,="",="2/3/2026 4:53:00.789419005 PM",
="",17057,,,117,="",="2/3/2026 4:53:00.806444810 PM",
="",17065,,,386,="",="2/3/2026 4:53:00.827321545 PM",
="",17066,,,229,="",="2/3/2026 4:53:00.827586475 PM",
="",17082,,,117,="",="2/3/2026 4:53:00.893763320 PM",
="",17084,,,436,="",="2/3/2026 4:53:00.895682020 PM",
="",17085,,,411,="",="2/3/2026 4:53:00.895946520 PM",
="",17090,,,362,="",="2/3/2026 4:53:00.908303775 PM",
="",17091,,,362,="",="2/3/2026 4:53:00.908543105 PM",
="",17092,,,362,="",="2/3/2026 4:53:00.908861145 PM",
="",17117,,,425,="",="2/3/2026 4:53:00.945310800 PM",
="",17122,,,229,="",="2/3/2026 4:53:00.966980520 PM",
="",17123,,,392,="",="2/3/2026 4:53:00.973300605 PM",
="",17124,,,392,="",="2/3/2026 4:53:00.973511815 PM",
="",17141,,,425,="",="2/3/2026 4:53:01.023187660 PM",
="",17143,,,229,="",="2/3/2026 4:53:01.026946475 PM",
="",17144,,,229,="",="2/3/2026 4:53:01.027157510 PM",
="",17178,,,231,="",="2/3/2026 4:53:01.086231715 PM",
="",17179,,,231,="",="2/3/2026 4:53:01.086440830 PM",
="",17180,,,231,="",="2/3/2026 4:53:01.086640225 PM",
="",17199,,,303,="",="2/3/2026 4:53:01.124540075 PM",
="",17200,,,229,="",="2/3/2026 4:53:01.124761645 PM",
="",17202,,,448,="",="2/3/2026 4:53:01.125305780 PM",
="",17203,,,440,="",="2/3/2026 4:53:01.126113130 PM",
="",17211,,,471,="",="2/3/2026 4:53:01.149720575 PM",
="",17224,,,117,="",="2/3/2026 4:53:01.173382890 PM",
="",17235,,,429,="",="2/3/2026 4:53:01.195687180 PM",
="",17273,,,435,="",="2/3/2026 4:53:01.281380430 PM",
="",17274,,,434,="",="2/3/2026 4:53:01.282971020 PM",
="",17309,,,435,="",="2/3/2026 4:53:01.383781460 PM",
="",17310,,,435,="",="2/3/2026 4:53:01.384596760 PM",
="",17311,,,397,="",="2/3/2026 4:53:01.386954250 PM",
="",17312,,,229,="",="2/3/2026 4:53:01.387775905 PM",
="",17328,,,284,="",="2/3/2026 4:53:01.429020835 PM",
="",17353,,,191,="",="2/3/2026 4:53:01.500405905 PM",
="",17355,,,336,="",="2/3/2026 4:53:01.503129780 PM",
="",17366,,,425,="",="2/3/2026 4:53:01.535211355 PM",
="",17383,,,229,="",="2/3/2026 4:53:01.567855810 PM",
="",17388,,,117,="",="2/3/2026 4:53:01.603388010 PM",
="",17390,,,377,="",="2/3/2026 4:53:01.604863645 PM",
="",17398,,,425,="",="2/3/2026 4:53:01.637612035 PM",
="",17400,,,440,="",="2/3/2026 4:53:01.638117310 PM",
="",17419,,,436,="",="2/3/2026 4:53:01.714862110 PM",
="",17434,,,471,="",="2/3/2026 4:53:01.762447575 PM",
="",17447,,,231,="",="2/3/2026 4:53:01.806676360 PM",
="",17452,,,440,="",="2/3/2026 4:53:01.817792170 PM",
="",17490,,,219,="",="2/3/2026 4:53:01.904635880 PM",
="",17508,,,448,="",="2/3/2026 4:53:01.944509045 PM",
="",17509,,,425,="",="2/3/2026 4:53:01.944790625 PM",
="",17543,,,215,="",="2/3/2026 4:53:02.030313295 PM",
="",17549,,,411,="",="2/3/2026 4:53:02.047479745 PM",
="",17600,,,425,="",="2/3/2026 4:53:02.186798710 PM",
="",17609,,,335,="",="2/3/2026 4:53:02.207208515 PM",
="",17632,,,448,="",="2/3/2026 4:53:02.251720600 PM",
="",17633,,,425,="",="2/3/2026 4:53:02.251993100 PM",
="",17635,,,440,="",="2/3/2026 4:53:02.252516095 PM",
="",17641,,,121,="",="2/3/2026 4:53:02.273388775 PM",
="",17661,,,117,="",="2/3/2026 4:53:02.309471160 PM",
="",17674,,,440,="",="2/3/2026 4:53:02.354919115 PM",
="",17698,,,440,="",="2/3/2026 4:53:02.432192440 PM",
="",17747,,,425,="",="2/3/2026 4:53:02.559195475 PM",
="",17756,,,425,="",="2/3/2026 4:53:02.574936220 PM",
="",17757,,,411,="",="2/3/2026 4:53:02.575193385 PM",
="",17758,,,440,="",="2/3/2026 4:53:02.575441500 PM",
="",17764,,,440,="",="2/3/2026 4:53:02.599728555 PM",
="",17794,,,425,="",="2/3/2026 4:53:02.661615290 PM",
="",17800,,,440,="",="2/3/2026 4:53:02.677841975 PM",
="",17807,,,411,="",="2/3/2026 4:53:02.703141850 PM",
="",17847,,,411,="",="2/3/2026 4:53:02.805542290 PM",
="",17872,,,448,="",="2/3/2026 4:53:02.880673925 PM",
